mode,policy,N,workload,app,seed,measure_s,epoch_us,meals,throughput_s,mean_wait_ms,p95_wait_ms,p99_wait_ms,max_wait_ms,jain,zero_workers,ledger_invariant
process,dguard,5,saturated,sleep,3001,0.130000,1200,135,1038.461538,2.274629,7.206923,8.290370,8.872275,0.838509,0,1
process,ordered,5,saturated,sleep,3001,0.130000,1200,73,561.538462,0.853289,0.166290,15.945985,54.181763,0.205554,3,1
process,waiter,5,saturated,sleep,3001,0.130000,1200,72,553.846154,0.637873,0.129951,12.531908,36.713434,0.205633,3,1
process,dguard,5,saturated,sleep,3002,0.130000,1200,149,1146.153846,2.641606,8.241143,10.771430,13.030590,0.987809,0,1
process,ordered,5,saturated,sleep,3002,0.130000,1200,75,576.923077,0.100231,0.124729,0.169480,0.286054,0.200000,4,1
process,waiter,5,saturated,sleep,3002,0.130000,1200,74,569.230769,0.675885,0.140401,11.865033,40.070973,0.336985,3,1
process,dguard,5,bursty,sleep,3001,0.130000,1200,104,800.000000,0.862215,3.382721,4.949091,5.655144,0.994118,0,1
process,ordered,5,bursty,sleep,3001,0.130000,1200,104,800.000000,0.917785,3.115121,4.436907,6.393415,0.989570,0,1
process,waiter,5,bursty,sleep,3001,0.130000,1200,101,776.923077,1.093371,3.378679,5.596988,5.729224,0.992798,0,1
process,dguard,5,bursty,sleep,3002,0.130000,1200,107,823.076923,0.796598,2.538496,2.830884,3.309156,0.987408,0,1
process,ordered,5,bursty,sleep,3002,0.130000,1200,109,838.461538,0.810637,2.723452,3.534259,3.642881,0.990496,0,1
process,waiter,5,bursty,sleep,3002,0.130000,1200,105,807.692308,1.022303,3.074298,4.354017,4.864813,0.993691,0,1
process,dguard,5,saturated,ledger,3001,0.130000,1200,2687,20669.230769,0.148040,1.293128,2.460481,2.722757,0.999418,0,1
process,ordered,5,saturated,ledger,3001,0.130000,1200,1422,10938.461538,0.178267,0.115796,0.134604,42.509674,0.201128,3,1
process,waiter,5,saturated,ledger,3001,0.130000,1200,2195,16884.615385,0.286671,0.699847,3.979665,21.794429,0.928870,0,1
process,dguard,5,saturated,ledger,3002,0.130000,1200,2834,21800.000000,0.139974,1.282829,2.454634,2.595057,0.999724,0,1
process,ordered,5,saturated,ledger,3002,0.130000,1200,1357,10438.461538,0.282432,0.120198,0.135952,130.153967,0.203273,2,1
process,waiter,5,saturated,ledger,3002,0.130000,1200,2339,17992.307692,0.269061,0.913675,3.489835,13.172010,0.909886,0,1
process,dguard,5,bursty,ledger,3001,0.130000,1200,181,1392.307692,0.004603,0.000861,0.087305,0.141550,0.987223,0,1
process,ordered,5,bursty,ledger,3001,0.130000,1200,180,1384.615385,0.099813,0.127530,0.162268,0.165796,0.988709,0,1
process,waiter,5,bursty,ledger,3001,0.130000,1200,181,1392.307692,0.102113,0.141670,0.196043,0.231193,0.987223,0,1
process,dguard,5,bursty,ledger,3002,0.130000,1200,156,1200.000000,0.076263,0.145989,2.453765,4.573681,0.981290,0,1
process,ordered,5,bursty,ledger,3002,0.130000,1200,160,1230.769231,0.103248,0.142805,0.172371,0.175891,0.980092,0,1
process,waiter,5,bursty,ledger,3002,0.130000,1200,161,1238.461538,0.103041,0.138816,0.177748,0.255800,0.981299,0,1
process,dguard,51,saturated,sleep,3001,0.130000,1200,1567,12053.846154,2.457716,9.229560,16.063273,32.010271,0.968574,0,1
process,ordered,51,saturated,sleep,3001,0.130000,1200,86,661.538462,11.120204,124.574604,140.941835,140.960273,0.033140,43,1
process,waiter,51,saturated,sleep,3001,0.130000,1200,75,576.923077,0.102003,0.127752,0.152487,0.163322,0.019608,50,1
process,dguard,51,saturated,sleep,3002,0.130000,1200,1562,12015.384615,2.499785,9.971651,14.467043,37.301777,0.974300,0,1
process,ordered,51,saturated,sleep,3002,0.130000,1200,76,584.615385,1.778576,3.984127,5.323190,5.458684,0.037929,49,1
process,waiter,51,saturated,sleep,3002,0.130000,1200,80,615.384615,8.696168,60.528405,114.967944,115.540500,0.026209,44,1
process,dguard,51,bursty,sleep,3001,0.130000,1200,1031,7930.769231,0.767719,2.645653,3.901423,8.645229,0.988212,0,1
process,ordered,51,bursty,sleep,3001,0.130000,1200,1013,7792.307692,0.923360,3.287879,4.705843,6.184595,0.988988,0,1
process,waiter,51,bursty,sleep,3001,0.130000,1200,999,7684.615385,0.978894,3.462976,4.695011,6.695076,0.986970,0,1
process,dguard,51,bursty,sleep,3002,0.130000,1200,1024,7876.923077,0.694434,2.511007,3.877102,5.638850,0.984878,0,1
process,ordered,51,bursty,sleep,3002,0.130000,1200,1012,7784.615385,0.832437,2.926478,4.154183,5.743746,0.986503,0,1
process,waiter,51,bursty,sleep,3002,0.130000,1200,1001,7700.000000,0.890922,3.208647,4.792205,6.278028,0.986745,0,1
process,dguard,51,saturated,ledger,3001,0.130000,1200,36332,279476.923077,0.097659,1.238197,1.342926,2.793782,0.999340,0,1
process,ordered,51,saturated,ledger,3001,0.130000,1200,1368,10523.076923,0.184604,0.121002,0.229603,48.438940,0.019984,49,1
process,waiter,51,saturated,ledger,3001,0.130000,1200,2131,16392.307692,2.340728,4.777088,52.325501,70.287864,0.295532,0,1
process,dguard,51,saturated,ledger,3002,0.130000,1200,35912,276246.153846,0.098959,1.244076,1.347698,2.836896,0.999235,0,1
process,ordered,51,saturated,ledger,3002,0.130000,1200,2524,19415.384615,0.198204,0.444563,0.825139,128.791627,0.044477,47,1
process,waiter,51,saturated,ledger,3002,0.130000,1200,1383,10638.461538,3.094134,0.122426,129.219361,130.356768,0.034909,15,1
process,dguard,51,bursty,ledger,3001,0.130000,1200,1661,12776.923077,0.004763,0.000601,0.140224,0.192386,0.986388,0,1
process,ordered,51,bursty,ledger,3001,0.130000,1200,1662,12784.615385,0.092629,0.127024,0.174311,0.371361,0.986264,0,1
process,waiter,51,bursty,ledger,3001,0.130000,1200,1662,12784.615385,0.092366,0.126607,0.279047,0.858213,0.986587,0,1
process,dguard,51,bursty,ledger,3002,0.130000,1200,1653,12715.384615,0.005986,0.062401,0.154653,0.311082,0.981419,0,1
process,ordered,51,bursty,ledger,3002,0.130000,1200,1652,12707.692308,0.092044,0.126180,0.177641,0.879985,0.981149,0,1
process,waiter,51,bursty,ledger,3002,0.130000,1200,1655,12730.769231,0.092243,0.125995,0.181574,0.323749,0.981673,0,1
process,dguard,201,saturated,sleep,3001,0.130000,1200,5809,44684.615385,2.552978,10.693313,17.445808,42.225246,0.974370,0,1
process,ordered,201,saturated,sleep,3001,0.130000,1200,75,576.923077,0.097520,0.132350,0.170703,0.222069,0.004975,200,1
process,waiter,201,saturated,sleep,3001,0.130000,1200,72,553.846154,8.270385,4.788479,184.828074,347.017219,0.009406,198,1
process,dguard,201,saturated,sleep,3002,0.130000,1200,5360,41230.769231,2.856959,13.168791,20.712029,34.895519,0.976721,0,1
process,ordered,201,saturated,sleep,3002,0.130000,1200,77,592.307692,1.729329,4.129959,5.090858,5.565201,0.009816,199,1
process,waiter,201,saturated,sleep,3002,0.130000,1200,74,569.230769,0.099672,0.125470,0.140636,0.157784,0.004975,200,1
process,dguard,201,bursty,sleep,3001,0.130000,1200,4105,31576.923077,0.718836,2.608289,3.734490,6.999728,0.985922,0,1
process,ordered,201,bursty,sleep,3001,0.130000,1200,3989,30684.615385,0.953988,3.378623,5.607984,12.206008,0.986489,0,1
process,waiter,201,bursty,sleep,3001,0.130000,1200,3993,30715.384615,0.932327,3.292020,4.795375,8.507619,0.986404,0,1
process,dguard,201,bursty,sleep,3002,0.130000,1200,4081,31392.307692,0.695482,2.572274,3.792073,6.453979,0.988588,0,1
process,ordered,201,bursty,sleep,3002,0.130000,1200,3975,30576.923077,0.936210,3.339740,5.112874,8.782552,0.988396,0,1
process,waiter,201,bursty,sleep,3002,0.130000,1200,4010,30846.153846,0.897084,3.126455,4.923297,10.474100,0.987197,0,1
process,dguard,201,saturated,ledger,3001,0.130000,1200,55809,429300.000000,0.289151,1.483381,2.125250,25.799744,0.983785,0,1
process,ordered,201,saturated,ledger,3001,0.130000,1200,2637,20284.615385,0.322010,0.707925,2.933138,100.489706,0.012483,194,1
process,waiter,201,saturated,ledger,3001,0.130000,1200,1437,11053.846154,1.574232,0.163209,62.268264,136.879788,0.022472,167,1
process,dguard,201,saturated,ledger,3002,0.130000,1200,73875,568269.230769,0.205279,1.368988,1.879940,25.308553,0.944960,0,1
process,ordered,201,saturated,ledger,3002,0.130000,1200,1394,10723.076923,0.340082,0.119204,6.023498,90.997285,0.005128,197,1
process,waiter,201,saturated,ledger,3002,0.130000,1200,1504,11569.230769,3.028937,0.206511,119.002580,135.991013,0.021221,153,1
process,dguard,201,bursty,ledger,3001,0.130000,1200,6560,50461.538462,0.004046,0.000431,0.129954,0.287737,0.981783,0,1
process,ordered,201,bursty,ledger,3001,0.130000,1200,6543,50330.769231,0.087311,0.125075,0.194466,0.985733,0.981757,0,1
process,waiter,201,bursty,ledger,3001,0.130000,1200,6541,50315.384615,0.087411,0.125747,0.186755,1.239828,0.981736,0,1
process,dguard,201,bursty,ledger,3002,0.130000,1200,6490,49923.076923,0.004454,0.000521,0.126805,0.380724,0.980593,0,1
process,ordered,201,bursty,ledger,3002,0.130000,1200,6489,49915.384615,0.086357,0.124653,0.176450,0.476216,0.980874,0,1
process,waiter,201,bursty,ledger,3002,0.130000,1200,6486,49892.307692,0.087324,0.126055,0.190727,0.804437,0.981185,0,1
process,dguard,501,saturated,sleep,3999,0.130000,1200,7254,55800.000000,4.515763,21.238909,64.761710,143.650198,0.705815,28,1
process,ordered,501,saturated,sleep,3999,0.130000,1200,82,630.769231,4.201716,12.493255,68.129003,99.881313,0.003556,497,1
process,waiter,501,saturated,sleep,3999,0.130000,1200,76,584.615385,1.391614,0.483600,46.147865,50.700192,0.002104,499,1
process,dguard,501,saturated,ledger,3999,0.130000,1200,36506,280815.384615,1.107448,6.081702,20.449735,129.593112,0.855051,7,1
process,ordered,501,saturated,ledger,3999,0.130000,1200,1383,10638.461538,0.370551,0.120514,1.585152,130.100558,0.002049,497,1
process,waiter,501,saturated,ledger,3999,0.130000,1200,1768,13600.000000,12.713433,133.251264,140.796210,143.112852,0.045492,281,1
