policy,N,workload,app,seed,measure_s,tick_us,sched_jitter_us,dispatch_jitter_us,meals,throughput_s,mean_wait_ms,p50_wait_ms,p95_wait_ms,p99_wait_ms,max_wait_ms,jain,min_meals,max_meals,zero_workers,scheduler_ticks,guard_obligations,max_owed_age_ms
gfgrr,1001,saturated,sleep,1,0.140000,200,120,80,29483,210592.857143,4.822246,4.006570,8.090899,15.446767,78.442816,0.956214,6,34,0,90,35314,73.587732
dguard,1001,saturated,sleep,1,0.140000,200,120,80,47889,342064.285714,2.092799,0.000130,9.813276,32.787001,144.604684,0.897293,0,99,1,0,0,0.000000
fifo,1001,saturated,sleep,1,0.140000,200,120,80,3633,25950.000000,40.007353,40.063813,40.753121,40.910701,41.757798,0.982600,3,4,0,1084,0,0.000000
waiter,1001,saturated,sleep,1,0.140000,200,120,80,6412,45800.000000,15.385155,0.126192,138.303018,143.500419,151.096480,0.144080,0,258,294,0,0,0.000000
agemwis,1001,saturated,sleep,1,0.140000,200,120,80,27610,197214.285714,5.108060,3.383582,12.285370,19.701350,32.141355,0.988054,9,31,0,79,0,0.000000
gfgrr,1001,saturated,sleep,2,0.140000,200,120,80,28908,206485.714286,4.938986,4.872044,7.922323,11.977476,46.422070,0.983868,12,32,0,88,35769,42.634123
dguard,1001,saturated,sleep,2,0.140000,200,120,80,49878,356271.428571,1.812051,0.000100,8.764884,32.703783,105.810404,0.839062,0,143,5,0,0,0.000000
fifo,1001,saturated,sleep,2,0.140000,200,120,80,3196,22828.571429,42.353002,42.041024,45.421736,45.681881,45.998931,0.984963,3,4,0,1015,0,0.000000
waiter,1001,saturated,sleep,2,0.140000,200,120,80,1784,12742.857143,22.270113,0.114930,124.994080,145.693864,147.601862,0.041616,0,130,634,0,0,0.000000
agemwis,1001,saturated,sleep,2,0.140000,200,120,80,18737,133835.714286,7.630588,7.326553,15.249133,18.449585,34.047112,0.977828,7,29,0,56,0,0.000000
gfgrr,1001,saturated,sleep,3,0.140000,200,120,80,23132,165228.571429,6.179480,5.877229,10.151372,17.562278,35.055491,0.981512,8,26,0,70,29429,29.312632
dguard,1001,saturated,sleep,3,0.140000,200,120,80,41152,293942.857143,1.505204,0.000090,8.706627,32.805843,111.283940,0.609509,0,206,149,0,0,0.000000
fifo,1001,saturated,sleep,3,0.140000,200,120,80,2290,16357.142857,56.097615,55.574770,62.943547,63.255994,63.529340,0.962318,2,3,0,1146,0,0.000000
waiter,1001,saturated,sleep,3,0.140000,200,120,80,1735,12392.857143,12.987220,0.115170,149.230274,158.046851,160.382216,0.022022,0,130,827,0,0,0.000000
agemwis,1001,saturated,sleep,3,0.140000,200,120,80,26249,187492.857143,5.400099,4.436257,11.203761,20.036109,36.299010,0.980128,16,33,0,74,0,0.000000
gfgrr,1001,saturated,sleep,4,0.140000,200,120,80,25733,183807.142857,5.498959,4.902779,10.485513,15.029521,28.134539,0.978509,16,32,0,87,32940,28.616043
dguard,1001,saturated,sleep,4,0.140000,200,120,80,40057,286121.428571,1.878209,0.000100,9.327690,33.354900,111.049402,0.765107,1,169,0,0,0,0.000000
fifo,1001,saturated,sleep,4,0.140000,200,120,80,2904,20742.857143,46.700406,45.555050,51.119433,51.377019,51.927829,0.989522,2,3,0,1076,0,0.000000
waiter,1001,saturated,sleep,4,0.140000,200,120,80,4865,34750.000000,11.277613,0.119948,134.736930,145.720844,149.666318,0.095315,0,258,586,0,0,0.000000
agemwis,1001,saturated,sleep,4,0.140000,200,120,80,25975,185535.714286,5.440889,5.254131,11.007365,14.376033,26.222069,0.981203,15,32,0,77,0,0.000000
gfgrr,1001,saturated,sleep,5,0.140000,200,120,80,22953,163950.000000,6.281638,5.443672,11.111642,15.663042,39.515158,0.989332,14,25,0,71,29973,31.508196
dguard,1001,saturated,sleep,5,0.140000,200,120,80,37735,269535.714286,2.448598,0.000180,12.751041,37.662674,193.290149,0.777500,0,124,23,0,0,0.000000
fifo,1001,saturated,sleep,5,0.140000,200,120,80,2894,20671.428571,48.272247,48.061015,50.499963,51.885796,52.274723,0.988524,2,3,0,1081,0,0.000000
waiter,1001,saturated,sleep,5,0.140000,200,120,80,1555,11107.142857,8.691101,0.105206,132.157616,153.025526,154.837760,0.006422,0,514,906,0,0,0.000000
agemwis,1001,saturated,sleep,5,0.140000,200,120,80,25890,184928.571429,5.448174,2.624982,16.738307,34.697523,47.461494,0.974629,13,35,0,98,0,0.000000
gfgrr,1001,saturated,sleep,6,0.140000,200,120,80,26861,191864.285714,5.366470,5.009427,9.850454,14.486065,29.771421,0.988385,12,29,0,87,35398,26.838237
dguard,1001,saturated,sleep,6,0.140000,200,120,80,42247,301764.285714,1.432907,0.000090,8.836603,28.352444,94.090648,0.607432,0,228,141,0,0,0.000000
fifo,1001,saturated,sleep,6,0.140000,200,120,80,2671,19078.571429,53.749082,53.400856,55.867542,56.390556,56.677373,0.969807,2,3,0,1053,0,0.000000
waiter,1001,saturated,sleep,6,0.140000,200,120,80,6462,46157.142857,12.163675,0.127469,125.496950,136.091199,143.044866,0.125036,0,258,376,0,0,0.000000
agemwis,1001,saturated,sleep,6,0.140000,200,120,80,26845,191750.000000,5.332813,5.570719,9.387002,14.045656,30.772415,0.981726,17,34,0,87,0,0.000000
gfgrr,1001,saturated,sleep,7,0.140000,200,120,80,29609,211492.857143,4.809023,4.090685,9.657719,17.358909,52.185153,0.952262,7,37,0,104,39522,48.420711
dguard,1001,saturated,sleep,7,0.140000,200,120,80,45671,326221.428571,1.442431,0.000090,7.104264,28.201581,148.102811,0.675545,0,242,7,0,0,0.000000
fifo,1001,saturated,sleep,7,0.140000,200,120,80,4504,32171.428571,30.255403,29.631929,32.759536,32.995372,33.178303,0.987802,4,5,0,990,0,0.000000
waiter,1001,saturated,sleep,7,0.140000,200,120,80,1647,11764.285714,12.846382,0.106618,132.725394,147.118665,149.214259,0.022554,0,131,804,0,0,0.000000
agemwis,1001,saturated,sleep,7,0.140000,200,120,80,26764,191171.428571,5.334989,5.068150,10.205688,15.031616,20.485814,0.993321,15,34,0,77,0,0.000000
gfgrr,1001,saturated,sleep,8,0.140000,200,120,80,26246,187471.428571,5.410411,5.115550,7.470021,11.561819,35.777606,0.993573,11,28,0,85,32661,30.394714
dguard,1001,saturated,sleep,8,0.140000,200,120,80,79309,566492.857143,0.350075,0.000080,1.626117,6.682499,95.383836,0.528595,1,420,0,0,0,0.000000
fifo,1001,saturated,sleep,8,0.140000,200,120,80,5368,38342.857143,26.711054,25.651623,32.044634,32.437109,33.703160,0.992027,5,6,0,885,0,0.000000
waiter,1001,saturated,sleep,8,0.140000,200,120,80,1618,11557.142857,4.455108,0.107269,44.764250,91.026145,153.239852,0.012835,0,258,892,0,0,0.000000
agemwis,1001,saturated,sleep,8,0.140000,200,120,80,25399,181421.428571,5.577925,2.770778,17.471795,32.626686,49.586229,0.957843,12,35,0,82,0,0.000000
gfgrr,1001,bursty,sleep,1,0.140000,200,120,80,26048,186057.142857,1.444922,0.884937,4.258430,6.360763,12.531149,0.984083,17,36,0,331,22920,9.812278
dguard,1001,bursty,sleep,1,0.140000,200,120,80,34601,247150.000000,0.006126,0.000100,0.000381,0.139517,3.879322,0.985412,22,45,0,0,0,0.000000
fifo,1001,bursty,sleep,1,0.140000,200,120,80,10651,76078.571429,9.295795,9.284325,10.650130,11.028226,12.104697,0.993822,8,13,0,654,0,0.000000
waiter,1001,bursty,sleep,1,0.140000,200,120,80,34785,248464.285714,0.091828,0.079397,0.146115,0.204396,1.654373,0.985270,22,45,0,0,0,0.000000
agemwis,1001,bursty,sleep,1,0.140000,200,120,80,18619,132992.857143,3.635198,3.365260,7.551527,10.140833,15.821518,0.983053,13,26,0,183,0,0.000000
gfgrr,1001,bursty,sleep,2,0.140000,200,120,80,22567,161192.857143,2.315002,2.003641,4.806553,8.007308,12.431312,0.975192,14,34,0,206,22596,11.018968
dguard,1001,bursty,sleep,2,0.140000,200,120,80,34409,245778.571429,0.005218,0.000100,0.000371,0.136931,1.737997,0.981905,23,47,0,0,0,0.000000
fifo,1001,bursty,sleep,2,0.140000,200,120,80,10582,75585.714286,9.311759,9.173381,10.884947,11.199028,11.538658,0.992731,8,13,0,688,0,0.000000
waiter,1001,bursty,sleep,2,0.140000,200,120,80,34128,243771.428571,0.104404,0.082592,0.151327,0.253014,11.049562,0.980939,22,46,0,0,0,0.000000
agemwis,1001,bursty,sleep,2,0.140000,200,120,80,19481,139150.000000,3.349480,3.130322,6.169368,8.588542,15.475274,0.981544,13,29,0,159,0,0.000000
gfgrr,1001,bursty,sleep,3,0.140000,200,120,80,26003,185735.714286,1.410055,0.889068,4.171070,6.904723,12.508156,0.987335,17,35,0,407,22721,9.518297
dguard,1001,bursty,sleep,3,0.140000,200,120,80,33012,235800.000000,0.010341,0.000100,0.048965,0.162853,11.551357,0.986779,22,45,0,0,0,0.000000
fifo,1001,bursty,sleep,3,0.140000,200,120,80,9153,65378.571429,11.486394,10.425748,19.136177,19.740354,20.660979,0.993150,7,11,0,730,0,0.000000
waiter,1001,bursty,sleep,3,0.140000,200,120,80,33831,241650.000000,0.103232,0.084916,0.153512,0.267527,6.498861,0.987641,23,45,0,0,0,0.000000
agemwis,1001,bursty,sleep,3,0.140000,200,120,80,26241,187435.714286,1.296241,1.194921,2.571663,3.356858,6.218921,0.986892,17,35,0,357,0,0.000000
gfgrr,1001,bursty,sleep,4,0.140000,200,120,80,22643,161735.714286,2.374968,2.116298,4.901748,8.211218,15.235149,0.983842,14,34,0,207,23244,10.989544
dguard,1001,bursty,sleep,4,0.140000,200,120,80,35226,251614.285714,0.004674,0.000100,0.000281,0.132709,1.081724,0.985211,23,49,0,0,0,0.000000
fifo,1001,bursty,sleep,4,0.140000,200,120,80,10739,76707.142857,9.239743,9.231688,10.311009,11.238897,11.758635,0.993480,8,13,0,659,0,0.000000
waiter,1001,bursty,sleep,4,0.140000,200,120,80,35208,251485.714286,0.095234,0.083384,0.150776,0.215613,2.199431,0.985170,23,49,0,0,0,0.000000
agemwis,1001,bursty,sleep,4,0.140000,200,120,80,19840,141714.285714,3.324635,3.004629,6.466839,11.095436,15.643407,0.983834,11,31,0,169,0,0.000000
gfgrr,1001,bursty,sleep,5,0.140000,200,120,80,20718,147985.714286,2.902600,2.485460,6.217527,9.359614,16.124325,0.974929,13,32,0,189,21838,13.523780
dguard,1001,bursty,sleep,5,0.140000,200,120,80,34900,249285.714286,0.005429,0.000170,0.000621,0.140641,0.935297,0.985649,24,49,0,0,0,0.000000
fifo,1001,bursty,sleep,5,0.140000,200,120,80,10222,73014.285714,9.881722,9.806889,11.023404,11.294587,11.634980,0.994161,7,12,0,652,0,0.000000
waiter,1001,bursty,sleep,5,0.140000,200,120,80,35000,250000.000000,0.094735,0.080289,0.149121,0.212987,8.710804,0.985759,24,49,0,0,0,0.000000
agemwis,1001,bursty,sleep,5,0.140000,200,120,80,20674,147671.428571,2.934562,2.574346,6.723922,10.216528,16.274579,0.985217,14,31,0,168,0,0.000000
gfgrr,1001,bursty,sleep,6,0.140000,200,120,80,23193,165664.285714,2.367407,2.015828,5.262895,8.681982,16.379564,0.982925,15,31,0,220,23449,10.675898
dguard,1001,bursty,sleep,6,0.140000,200,120,80,35887,256335.714286,0.005051,0.000100,0.000341,0.134941,1.385033,0.985161,24,50,0,0,0,0.000000
fifo,1001,bursty,sleep,6,0.140000,200,120,80,11372,81228.571429,8.474128,7.864349,11.177219,11.621534,12.387945,0.993458,9,13,0,666,0,0.000000
waiter,1001,bursty,sleep,6,0.140000,200,120,80,35959,256850.000000,0.092256,0.080640,0.146528,0.206270,1.307989,0.985158,24,50,0,0,0,0.000000
agemwis,1001,bursty,sleep,6,0.140000,200,120,80,20900,149285.714286,2.987804,2.813962,5.484727,7.606986,11.004554,0.982943,14,29,0,187,0,0.000000
gfgrr,1001,bursty,sleep,7,0.140000,200,120,80,20283,144878.571429,3.101794,2.713963,6.800506,10.802646,21.484531,0.974811,12,33,0,178,21322,16.392166
dguard,1001,bursty,sleep,7,0.140000,200,120,80,34699,247850.000000,0.005600,0.000100,0.000431,0.138647,1.456840,0.983489,24,48,0,0,0,0.000000
fifo,1001,bursty,sleep,7,0.140000,200,120,80,10963,78307.142857,9.047226,8.809652,11.714759,12.964896,13.662062,0.993104,8,14,0,675,0,0.000000
waiter,1001,bursty,sleep,7,0.140000,200,120,80,34706,247900.000000,0.095116,0.083835,0.150814,0.211779,2.560797,0.983279,24,48,0,0,0,0.000000
agemwis,1001,bursty,sleep,7,0.140000,200,120,80,19250,137500.000000,3.431962,3.251967,6.142870,8.707736,16.373457,0.984025,13,29,0,155,0,0.000000
gfgrr,1001,bursty,sleep,8,0.140000,200,120,80,27641,197435.714286,1.081348,0.835919,2.643299,5.047934,9.295753,0.983672,19,41,0,355,22828,6.959949
dguard,1001,bursty,sleep,8,0.140000,200,120,80,34173,244092.857143,0.004876,0.000100,0.000331,0.135529,0.857171,0.984179,22,46,0,0,0,0.000000
fifo,1001,bursty,sleep,8,0.140000,200,120,80,10961,78292.857143,9.180316,9.088525,14.677022,17.279914,17.915613,0.993712,9,13,0,691,0,0.000000
waiter,1001,bursty,sleep,8,0.140000,200,120,80,34164,244028.571429,0.095966,0.086148,0.150301,0.202670,8.234184,0.984225,22,46,0,0,0,0.000000
agemwis,1001,bursty,sleep,8,0.140000,200,120,80,25792,184228.571429,1.449190,0.779270,4.310872,8.660344,29.181457,0.985153,15,38,0,364,0,0.000000
