N,p,workload,rep,algorithm,throughput,mean_wait,p95_wait,p99_wait,max_wait,jain
5,0.05,uniform,0,GRR,0.2434,0.8270336894001643,2,2,2,0.9973999124549648
5,0.05,uniform,0,RotatingGreedy,0.2539,0.04647499015360378,0,1,2,0.9974510269619581
5,0.05,uniform,0,AgeMIS,0.2537,0.04572329523058731,0,1,1,0.9975904828256417
5,0.05,uniform,0,GuardedFill,0.2538,0.04452324665090623,0,1,2,0.9975491190549567
5,0.05,uniform,1,GRR,0.237,0.8118143459915612,2,2,2,0.9985866289767727
5,0.05,uniform,1,RotatingGreedy,0.2476,0.05088852988691438,0,1,2,0.998411486027624
5,0.05,uniform,1,AgeMIS,0.2475,0.050101010101010104,1,1,1,0.9984320104576101
5,0.05,uniform,1,GuardedFill,0.2477,0.05248284214775938,1,1,2,0.9983831980167489
5,0.05,uniform,2,GRR,0.2431,0.7980255039078569,2,2,2,0.9983353647154418
5,0.05,uniform,2,RotatingGreedy,0.2537,0.05833661805281829,1,1,2,0.9990677351132152
5,0.05,uniform,2,AgeMIS,0.2536,0.05717665615141956,1,1,2,0.9990285123999036
5,0.05,uniform,2,GuardedFill,0.2536,0.05954258675078864,1,1,2,0.999095247564128
5,0.05,uniform,3,GRR,0.2438,0.7916324856439705,2,2,2,0.9996727095978836
5,0.05,uniform,3,RotatingGreedy,0.2541,0.05588351042896497,1,1,2,0.9996448352873327
5,0.05,uniform,3,AgeMIS,0.2541,0.05509641873278237,1,1,1,0.9997098422170284
5,0.05,uniform,3,GuardedFill,0.254,0.05551181102362205,1,1,2,0.999662213462498
5,0.05,uniform,4,GRR,0.2374,0.8066554338668913,2,2,2,0.9965776811906855
5,0.05,uniform,4,RotatingGreedy,0.2465,0.04746450304259635,0,1,2,0.9969515021399372
5,0.05,uniform,4,AgeMIS,0.2467,0.047831374138629916,0,1,1,0.9970550772313205
5,0.05,uniform,4,GuardedFill,0.2465,0.047058823529411764,0,1,2,0.9969515021399372
5,0.05,uniform,5,GRR,0.2486,0.833467417538214,2,2,2,0.9980501496220288
5,0.05,uniform,5,RotatingGreedy,0.2576,0.057841614906832296,1,1,2,0.9981897797921421
5,0.05,uniform,5,AgeMIS,0.2579,0.05854982551376502,1,1,2,0.9980681605884653
5,0.05,uniform,5,GuardedFill,0.2574,0.057498057498057496,1,1,2,0.9981388495939185
5,0.05,uniform,6,GRR,0.2368,0.8450168918918919,2,2,2,0.9982329746232654
5,0.05,uniform,6,RotatingGreedy,0.2463,0.059277304100690216,1,1,2,0.9980937667356866
5,0.05,uniform,6,AgeMIS,0.2465,0.06004056795131846,1,1,1,0.9980519325863552
5,0.05,uniform,6,GuardedFill,0.2465,0.05922920892494929,1,1,1,0.9981355465846417
5,0.05,uniform,7,GRR,0.2439,0.8491184911849119,2,2,2,0.9998883918253736
5,0.05,uniform,7,RotatingGreedy,0.2541,0.048799685163321525,0,1,2,0.9997949831255938
5,0.05,uniform,7,AgeMIS,0.2542,0.04878048780487805,0,1,2,0.9998226804953186
5,0.05,uniform,7,GuardedFill,0.2541,0.049586776859504134,0,1,2,0.9997825980921589
5,0.05,uniform,8,GRR,0.2371,0.8080978490088571,2,2,2,0.998856802725621
5,0.05,uniform,8,RotatingGreedy,0.2476,0.04321486268174475,0,1,2,0.9985676054709196
5,0.05,uniform,8,AgeMIS,0.2477,0.04400484457004441,0,1,2,0.9985976893448967
5,0.05,uniform,8,GuardedFill,0.2476,0.04402261712439418,0,1,2,0.9985676054709196
5,0.05,uniform,9,GRR,0.2453,0.8022829188748472,2,2,2,0.997333795214721
5,0.05,uniform,9,RotatingGreedy,0.2524,0.05150554675118859,0,1,2,0.9978034645866617
5,0.05,uniform,9,AgeMIS,0.2521,0.05037683458944863,1,1,1,0.9979204498259845
5,0.05,uniform,9,GuardedFill,0.2524,0.05309033280507131,1,1,2,0.9977987761232836
5,0.05,uniform,10,GRR,0.2401,0.807996668054977,2,2,2,0.9967814863709418
5,0.05,uniform,10,RotatingGreedy,0.2482,0.060435132957292505,1,1,2,0.9965243189292456
5,0.05,uniform,10,AgeMIS,0.2479,0.0572811617587737,1,1,1,0.9964080002010508
5,0.05,uniform,10,GuardedFill,0.2483,0.05960531614981877,1,1,2,0.9966318171714926
5,0.05,uniform,11,GRR,0.2341,0.8197351559162751,2,2,2,0.9981451479974829
5,0.05,uniform,11,RotatingGreedy,0.2429,0.04981473857554549,0,1,2,0.9978362325348162
5,0.05,uniform,11,AgeMIS,0.243,0.04979423868312757,0,1,2,0.9978251942877131
5,0.05,uniform,11,GuardedFill,0.2431,0.049773755656108594,0,1,2,0.997865056509982
5,0.05,uniform,12,GRR,0.2379,0.8032786885245902,2,2,2,0.9994306768746916
5,0.05,uniform,12,RotatingGreedy,0.246,0.051626016260162604,1,1,1,0.9994880010570301
5,0.05,uniform,12,AgeMIS,0.2459,0.054087027246848315,1,1,1,0.9994291036481004
5,0.05,uniform,12,GuardedFill,0.2461,0.05444941080861439,1,1,2,0.9994861076616001
5,0.05,uniform,13,GRR,0.2314,0.8215211754537597,2,2,2,0.9982617190412981
5,0.05,uniform,13,RotatingGreedy,0.2407,0.050270045700041545,0,1,2,0.9982587135397687
5,0.05,uniform,13,AgeMIS,0.2407,0.04985459077690071,0,1,1,0.9982569935205854
5,0.05,uniform,13,GuardedFill,0.2408,0.050664451827242524,0,1,2,0.9982910927124384
5,0.05,uniform,14,GRR,0.243,0.8374485596707819,2,2,2,0.9986233815431657
5,0.05,uniform,14,RotatingGreedy,0.2511,0.054559936280366386,1,1,2,0.9982372465962821
5,0.05,uniform,14,AgeMIS,0.251,0.053784860557768925,1,1,1,0.9982997482106157
5,0.05,uniform,14,GuardedFill,0.2509,0.055400557991231565,1,1,1,0.998277181294794
5,0.05,uniform,15,GRR,0.2532,0.8222748815165877,2,2,2,0.9997059057432586
5,0.05,uniform,15,RotatingGreedy,0.2635,0.06110056925996205,1,1,2,0.9996616550825526
5,0.05,uniform,15,AgeMIS,0.2636,0.05918057663125948,1,1,2,0.9996584600201126
5,0.05,uniform,15,GuardedFill,0.2635,0.06261859582542695,1,1,2,0.9996328703420425
5,0.05,uniform,16,GRR,0.2426,0.8293487221764221,2,2,2,0.9988944312532777
5,0.05,uniform,16,RotatingGreedy,0.2513,0.05690409868682849,1,1,2,0.9987496589871225
5,0.05,uniform,16,AgeMIS,0.251,0.0549800796812749,1,1,1,0.9987412888948073
5,0.05,uniform,16,GuardedFill,0.2513,0.0584958217270195,1,1,2,0.998689640394373
5,0.05,uniform,17,GRR,0.246,0.7995934959349593,2,2,2,0.9953633266938496
5,0.05,uniform,17,RotatingGreedy,0.2556,0.05555555555555555,1,1,2,0.9957181808898636
5,0.05,uniform,17,AgeMIS,0.2555,0.0547945205479452,1,1,1,0.9957807612781884
5,0.05,uniform,17,GuardedFill,0.2555,0.05675146771037182,1,1,2,0.9956425553202539
5,0.05,uniform,18,GRR,0.2427,0.857437165224557,2,2,2,0.9990237589858355
5,0.05,uniform,18,RotatingGreedy,0.2513,0.05372065260644648,1,1,2,0.999434064834077
5,0.05,uniform,18,AgeMIS,0.2516,0.05325914149443561,1,1,1,0.9994436181869278
5,0.05,uniform,18,GuardedFill,0.2515,0.054473161033797214,1,1,2,0.9994248573796407
5,0.05,uniform,19,GRR,0.2376,0.8308080808080808,2,2,2,0.9988121208261015
5,0.05,uniform,19,RotatingGreedy,0.2467,0.04539927036886907,0,1,2,0.9989977339858622
5,0.05,uniform,19,AgeMIS,0.2468,0.04538087520259319,0,1,2,0.9989969067464418
5,0.05,uniform,19,GuardedFill,0.2469,0.04738760631834751,0,1,2,0.9990373387677641
5,0.05,uniform,20,GRR,0.2399,0.8499374739474781,2,2,2,0.999407149114848
5,0.05,uniform,20,RotatingGreedy,0.2485,0.05271629778672032,1,1,2,0.9995289840704354
5,0.05,uniform,20,AgeMIS,0.2485,0.052313883299798795,1,1,1,0.9995014813933595
5,0.05,uniform,20,GuardedFill,0.2485,0.05311871227364185,1,1,2,0.9995289840704354
5,0.05,uniform,21,GRR,0.232,0.8275862068965517,2,2,2,0.9982621662274169
5,0.05,uniform,21,RotatingGreedy,0.2414,0.054266777133388566,1,1,2,0.9984162120672168
5,0.05,uniform,21,AgeMIS,0.2413,0.055532532117695814,1,1,1,0.9984710584010762
5,0.05,uniform,21,GuardedFill,0.2413,0.05511811023622047,1,1,1,0.9984042867859823
5,0.05,uniform,22,GRR,0.2358,0.8206106870229007,2,2,2,0.999308771910906
5,0.05,uniform,22,RotatingGreedy,0.2455,0.045213849287169046,0,1,2,0.9992953397084364
5,0.05,uniform,22,AgeMIS,0.2454,0.044417277913610435,0,1,1,0.9993007352733754
5,0.05,uniform,22,GuardedFill,0.2457,0.04721204721204721,0,1,2,0.9993136892184151
5,0.05,uniform,23,GRR,0.2357,0.8150190920661858,2,2,2,0.9989344361781034
5,0.05,uniform,23,RotatingGreedy,0.2454,0.05052974735126324,0,1,2,0.9987372568920997
5,0.05,uniform,23,AgeMIS,0.2456,0.050895765472312705,1,1,1,0.9988385398123846
5,0.05,uniform,23,GuardedFill,0.2454,0.05134474327628362,1,1,2,0.9987372568920997
5,0.05,uniform,24,GRR,0.2395,0.8104384133611691,2,2,2,0.9984038835931591
5,0.05,uniform,24,RotatingGreedy,0.2473,0.05216336433481601,1,1,2,0.9984627302700589
5,0.05,uniform,24,AgeMIS,0.2474,0.05254648342764753,1,1,1,0.9983893777882898
5,0.05,uniform,24,GuardedFill,0.2475,0.05333333333333334,1,1,1,0.9984108550822077
5,0.05,uniform,25,GRR,0.2372,0.8461214165261383,2,2,2,0.9988981978095335
5,0.05,uniform,25,RotatingGreedy,0.2466,0.05798864557988646,1,1,2,0.9990218675200546
5,0.05,uniform,25,AgeMIS,0.2465,0.05760649087221095,1,1,2,0.9989970940388749
5,0.05,uniform,25,GuardedFill,0.2465,0.05801217038539554,1,1,2,0.9990020214409199
5,0.05,uniform,26,GRR,0.2349,0.8271604938271605,2,2,2,0.9962743988148276
5,0.05,uniform,26,RotatingGreedy,0.2442,0.05405405405405406,1,1,3,0.9962334883083775
5,0.05,uniform,26,AgeMIS,0.2443,0.052394596807204256,1,1,1,0.9963396728810093
5,0.05,uniform,26,GuardedFill,0.2441,0.05243752560426055,1,1,2,0.9962490689133686
5,0.05,uniform,27,GRR,0.2372,0.8018549747048904,2,2,2,0.9991287964214238
5,0.05,uniform,27,RotatingGreedy,0.2453,0.04688136975132491,0,1,2,0.999045983242445
5,0.05,uniform,27,AgeMIS,0.2453,0.04606604158173665,0,1,1,0.99900783389519
5,0.05,uniform,27,GuardedFill,0.2454,0.04767726161369193,0,1,2,0.9990056584899745
5,0.05,uniform,28,GRR,0.2351,0.8256061250531689,2,2,2,0.999216492347965
5,0.05,uniform,28,RotatingGreedy,0.2457,0.04843304843304843,0,1,2,0.9988639437829216
5,0.05,uniform,28,AgeMIS,0.246,0.04878048780487805,0,1,1,0.9988446175684151
5,0.05,uniform,28,GuardedFill,0.2457,0.04884004884004884,0,1,2,0.9988507221042408
5,0.05,uniform,29,GRR,0.2425,0.8189690721649484,2,2,2,0.9996141355574084
5,0.05,uniform,29,RotatingGreedy,0.2506,0.061452513966480445,1,1,2,0.9996237106838151
5,0.05,uniform,29,AgeMIS,0.2506,0.061452513966480445,1,1,1,0.9996237106838151
5,0.05,uniform,29,GuardedFill,0.2505,0.0626746506986028,1,1,2,0.9996447491777856
5,0.05,hotspot,0,GRR,0.2206,0.8871260199456029,2,2,2,0.3150508432001792
5,0.05,hotspot,0,RotatingGreedy,0.2514,0.02028639618138425,0,1,2,0.2982706032760612
5,0.05,hotspot,0,AgeMIS,0.2512,0.01950636942675159,0,1,1,0.2983718536318497
5,0.05,hotspot,0,GuardedFill,0.2513,0.020294468762435337,0,1,1,0.29832120279512164
5,0.05,hotspot,1,GRR,0.2166,0.8702677746999077,2,2,2,0.31691758349765026
5,0.05,hotspot,1,RotatingGreedy,0.2451,0.021215830273357814,0,1,2,0.2996146465723295
5,0.05,hotspot,1,AgeMIS,0.245,0.019591836734693877,0,1,1,0.30022497491664724
5,0.05,hotspot,1,GuardedFill,0.2452,0.020799347471451877,0,1,2,0.29984026284068827
5,0.05,hotspot,2,GRR,0.2181,0.8867491976157725,2,2,2,0.3293659715382205
5,0.05,hotspot,2,RotatingGreedy,0.2505,0.023952095808383235,0,1,3,0.30938345177372156
5,0.05,hotspot,2,AgeMIS,0.25,0.022,0,1,1,0.3096729952265766
5,0.05,hotspot,2,GuardedFill,0.2503,0.022772672792648822,0,1,1,0.3094990889179972
5,0.05,hotspot,3,GRR,0.2196,0.8665755919854281,2,2,2,0.3211742962847029
5,0.05,hotspot,3,RotatingGreedy,0.2492,0.024879614767255216,0,1,2,0.30300814210105925
5,0.05,hotspot,3,AgeMIS,0.2486,0.022123893805309734,0,1,1,0.3033330732015692
5,0.05,hotspot,3,GuardedFill,0.249,0.024096385542168676,0,1,1,0.3031162290211508
5,0.05,hotspot,4,GRR,0.2248,0.8874555160142349,2,2,2,0.3330227715301506
5,0.05,hotspot,4,RotatingGreedy,0.2528,0.02254746835443038,0,1,2,0.3145998254406688
5,0.05,hotspot,4,AgeMIS,0.2523,0.02140309155766944,0,1,1,0.31490328473968965
5,0.05,hotspot,4,GuardedFill,0.2525,0.02178217821782178,0,1,1,0.3147817122594594
5,0.05,hotspot,5,GRR,0.2252,0.872113676731794,2,2,2,0.3268728384128617
5,0.05,hotspot,5,RotatingGreedy,0.257,0.025680933852140077,0,1,2,0.30767188311552196
5,0.05,hotspot,5,AgeMIS,0.2566,0.02299298519095869,0,1,1,0.3078932663212251
5,0.05,hotspot,5,GuardedFill,0.2568,0.024922118380062305,0,1,2,0.3077824631001692
5,0.05,hotspot,6,GRR,0.212,0.8773584905660378,2,2,2,0.32431223278552485
5,0.05,hotspot,6,RotatingGreedy,0.2416,0.018625827814569538,0,1,1,0.3058731055385715
5,0.05,hotspot,6,AgeMIS,0.2415,0.018219461697722567,0,1,1,0.3059307197513622
5,0.05,hotspot,6,GuardedFill,0.2417,0.019031857674803476,0,1,1,0.30581555286424844
5,0.05,hotspot,7,GRR,0.222,0.8896396396396397,2,2,2,0.3115084431657004
5,0.05,hotspot,7,RotatingGreedy,0.2527,0.024930747922437674,0,1,2,0.2944319069655282
5,0.05,hotspot,7,AgeMIS,0.2521,0.021420071400238,0,1,1,0.29525247910089664
5,0.05,hotspot,7,GuardedFill,0.2525,0.023762376237623763,0,1,1,0.2950584748568875
5,0.05,hotspot,8,GRR,0.2205,0.8648526077097506,2,2,2,0.3334471793785035
5,0.05,hotspot,8,RotatingGreedy,0.2477,0.023011707710940653,0,1,2,0.3151380876645247
5,0.05,hotspot,8,AgeMIS,0.2472,0.021035598705501618,0,1,1,0.3154496826807821
5,0.05,hotspot,8,GuardedFill,0.2476,0.022617124394184167,0,1,2,0.3152002747588919
5,0.05,hotspot,9,GRR,0.2179,0.8898577329050023,2,2,2,0.3277520702631416
5,0.05,hotspot,9,RotatingGreedy,0.2497,0.02683219863836604,0,1,2,0.30869491060114224
5,0.05,hotspot,9,AgeMIS,0.2493,0.02527075812274368,0,1,1,0.30892538802387975
5,0.05,hotspot,9,GuardedFill,0.2498,0.02722177742193755,0,1,2,0.30863744076415417
5,0.05,hotspot,10,GRR,0.2223,0.8785425101214575,2,2,2,0.32639258621526646
5,0.05,hotspot,10,RotatingGreedy,0.2531,0.020545239035954167,0,1,2,0.30762963107030167
5,0.05,hotspot,10,AgeMIS,0.2529,0.018979833926453145,0,1,1,0.308022732411602
5,0.05,hotspot,10,GuardedFill,0.2531,0.019755037534571317,0,1,1,0.3079101325689528
5,0.05,hotspot,11,GRR,0.2162,0.8570767807585569,2,2,2,0.3241667048100943
5,0.05,hotspot,11,RotatingGreedy,0.2475,0.02101010101010101,0,1,2,0.30680903824804623
5,0.05,hotspot,11,AgeMIS,0.2474,0.020614389652384803,0,1,1,0.3068658667978223
5,0.05,hotspot,11,GuardedFill,0.2474,0.021018593371059015,0,1,1,0.3068658667978223
5,0.05,hotspot,12,GRR,0.2218,0.8561767357980162,2,2,2,0.3439016905242422
5,0.05,hotspot,12,RotatingGreedy,0.2513,0.027855153203342618,0,1,2,0.3223512585272132
5,0.05,hotspot,12,AgeMIS,0.2511,0.026682596575069693,0,1,1,0.3227842667575189
5,0.05,hotspot,12,GuardedFill,0.2513,0.027855153203342618,0,1,1,0.3223512585272132
5,0.05,hotspot,13,GRR,0.2226,0.8661275831087152,2,2,2,0.324752441504495
5,0.05,hotspot,13,RotatingGreedy,0.253,0.024110671936758893,0,1,2,0.3057039682914936
5,0.05,hotspot,13,AgeMIS,0.2525,0.02297029702970297,0,1,1,0.3062601851551626
5,0.05,hotspot,13,GuardedFill,0.2531,0.02449624654286843,0,1,1,0.30564912783783416
5,0.05,hotspot,14,GRR,0.219,0.8767123287671232,2,2,2,0.3261470500832011
5,0.05,hotspot,14,RotatingGreedy,0.2522,0.022204599524187154,0,1,2,0.30613336773060773
5,0.05,hotspot,14,AgeMIS,0.2516,0.01987281399046105,0,1,1,0.30646622423706066
5,0.05,hotspot,14,GuardedFill,0.252,0.02142857142857143,0,1,2,0.3062440925136475
5,0.05,hotspot,15,GRR,0.2164,0.8743068391866913,2,2,2,0.32224296544429987
5,0.05,hotspot,15,RotatingGreedy,0.2465,0.01744421906693712,0,1,3,0.3036576751308026
5,0.05,hotspot,15,AgeMIS,0.2465,0.01744421906693712,0,1,1,0.3039423251277113
5,0.05,hotspot,15,GuardedFill,0.2465,0.01744421906693712,0,1,1,0.3039423251277113
5,0.05,hotspot,16,GRR,0.2148,0.888733705772812,2,2,2,0.3335787147191959
5,0.05,hotspot,16,RotatingGreedy,0.2429,0.03293536434746809,0,1,2,0.31456408252291435
5,0.05,hotspot,16,AgeMIS,0.2421,0.030152829409334985,0,1,1,0.3150702589614075
5,0.05,hotspot,16,GuardedFill,0.2425,0.03257731958762886,0,1,2,0.3145157386898014
5,0.05,hotspot,17,GRR,0.2211,0.8475802804161013,2,2,2,0.3360707900843559
5,0.05,hotspot,17,RotatingGreedy,0.2523,0.026952041220768927,0,1,3,0.3163354944896849
5,0.05,hotspot,17,AgeMIS,0.2518,0.024225575853852262,0,1,1,0.316645091952232
5,0.05,hotspot,17,GuardedFill,0.2519,0.025803890432711394,0,1,1,0.31658304343975724
5,0.05,hotspot,18,GRR,0.2204,0.8743194192377496,2,2,2,0.33028919247495775
5,0.05,hotspot,18,RotatingGreedy,0.2505,0.025149700598802394,0,1,3,0.31280524872653875
5,0.05,hotspot,18,AgeMIS,0.2501,0.023590563774490203,0,1,1,0.31304548667805243
5,0.05,hotspot,18,GuardedFill,0.2504,0.024361022364217253,0,1,1,0.3128652143171148
5,0.05,hotspot,19,GRR,0.2211,0.8629579375848032,2,2,2,0.32655985351797673
5,0.05,hotspot,19,RotatingGreedy,0.2518,0.020651310563939634,0,1,2,0.3080351278134705
5,0.05,hotspot,19,AgeMIS,0.2514,0.01869530628480509,0,1,2,0.3082619442921608
5,0.05,hotspot,19,GuardedFill,0.2518,0.021048451151707705,0,1,1,0.30774985195755794
5,0.05,hotspot,20,GRR,0.2199,0.8626648476580264,2,2,2,0.32583649892271693
5,0.05,hotspot,20,RotatingGreedy,0.2502,0.023181454836131096,0,1,3,0.3064405339306799
5,0.05,hotspot,20,AgeMIS,0.2501,0.021591363454618154,0,1,1,0.30677958246103887
5,0.05,hotspot,20,GuardedFill,0.2501,0.022391043582566973,0,1,1,0.30677958246103887
5,0.05,hotspot,21,GRR,0.221,0.8506787330316742,2,2,2,0.3326338902317016
5,0.05,hotspot,21,RotatingGreedy,0.2506,0.034317637669592976,0,1,2,0.313337680785575
5,0.05,hotspot,21,AgeMIS,0.2498,0.03122497998398719,0,1,1,0.3144020746492832
5,0.05,hotspot,21,GuardedFill,0.2507,0.035899481451934584,0,1,1,0.3135658192473032
5,0.05,hotspot,22,GRR,0.2194,0.8618960802187785,2,2,2,0.31864604247302325
5,0.05,hotspot,22,RotatingGreedy,0.2477,0.025030278562777553,0,1,2,0.30245042594510074
5,0.05,hotspot,22,AgeMIS,0.2469,0.02187120291616039,0,1,1,0.3028840499672445
5,0.05,hotspot,22,GuardedFill,0.2472,0.023462783171521034,0,1,1,0.3027210186766299
5,0.05,hotspot,23,GRR,0.2184,0.8681318681318682,2,2,2,0.3284185652288568
5,0.05,hotspot,23,RotatingGreedy,0.2524,0.02694136291600634,0,1,2,0.3074528124321324
5,0.05,hotspot,23,AgeMIS,0.2519,0.023421992854307266,0,1,1,0.3077340640288075
5,0.05,hotspot,23,GuardedFill,0.2521,0.024990083300277667,0,1,1,0.3076213900859852
5,0.05,hotspot,24,GRR,0.2208,0.8682065217391305,2,2,2,0.3278694081117561
5,0.05,hotspot,24,RotatingGreedy,0.252,0.025396825396825397,0,1,2,0.30963997234382207
5,0.05,hotspot,24,AgeMIS,0.2513,0.022284122562674095,0,1,1,0.31004440905226893
5,0.05,hotspot,24,GuardedFill,0.2516,0.02384737678855326,0,1,1,0.3098707210933637
5,0.05,hotspot,25,GRR,0.2262,0.8470380194518126,2,2,2,0.32477411172829046
5,0.05,hotspot,25,RotatingGreedy,0.2563,0.02497073741708935,0,1,2,0.3069676948738863
5,0.05,hotspot,25,AgeMIS,0.2561,0.02420929324482624,0,1,1,0.3073544438599718
5,0.05,hotspot,25,GuardedFill,0.2563,0.02575107296137339,0,1,1,0.3069666907558851
5,0.05,hotspot,26,GRR,0.2159,0.8939323761000463,2,2,2,0.3297268581740062
5,0.05,hotspot,26,RotatingGreedy,0.2472,0.025080906148867314,0,1,3,0.30986632834213373
5,0.05,hotspot,26,AgeMIS,0.2466,0.022303325223033254,0,1,1,0.31022048504567484
5,0.05,hotspot,26,GuardedFill,0.2469,0.023491292021061157,0,1,1,0.31004312709179366
5,0.05,hotspot,27,GRR,0.2175,0.8689655172413793,2,2,2,0.32106393180770065
5,0.05,hotspot,27,RotatingGreedy,0.2488,0.02532154340836013,0,1,2,0.30325157488743454
5,0.05,hotspot,27,AgeMIS,0.2483,0.022553362867498993,0,1,1,0.30352348898295844
5,0.05,hotspot,27,GuardedFill,0.2487,0.024929634097305992,0,1,2,0.3033058453064764
5,0.05,hotspot,28,GRR,0.2167,0.8629441624365483,2,2,2,0.3297940038015697
5,0.05,hotspot,28,RotatingGreedy,0.2455,0.024032586558044806,0,1,2,0.31058630071194415
5,0.05,hotspot,28,AgeMIS,0.2452,0.0232463295269168,0,1,1,0.31076574141173136
5,0.05,hotspot,28,GuardedFill,0.2454,0.023634881825590873,0,1,1,0.31064605086821373
5,0.05,hotspot,29,GRR,0.2176,0.8690257352941176,2,2,2,0.32660164950188686
5,0.05,hotspot,29,RotatingGreedy,0.25,0.0264,0,1,3,0.3062731603763877
5,0.05,hotspot,29,AgeMIS,0.2496,0.024439102564102564,0,1,1,0.3067799172434984
5,0.05,hotspot,29,GuardedFill,0.2498,0.025620496397117692,0,1,2,0.3063850806273427
5,0.2,uniform,0,GRR,0.8455,0.9046717918391485,2,2,2,0.9999404123173895
5,0.2,uniform,0,RotatingGreedy,0.9509,0.23440950678304764,1,2,4,0.9999230990698846
5,0.2,uniform,0,AgeMIS,0.9542,0.23076923076923078,1,1,2,0.9999572120439749
5,0.2,uniform,0,GuardedFill,0.9519,0.24855552053787164,1,2,2,0.9999545993661678
5,0.2,uniform,1,GRR,0.8451,0.9061649508933854,2,2,2,0.9997495145917829
5,0.2,uniform,1,RotatingGreedy,0.9521,0.23831530301438925,1,2,4,0.9998285556436148
5,0.2,uniform,1,AgeMIS,0.9545,0.22231534834992142,1,1,3,0.9999349159513046
5,0.2,uniform,1,GuardedFill,0.9506,0.24763307384809594,1,2,2,0.9998781300812558
5,0.2,uniform,2,GRR,0.8564,0.8944418496029892,2,2,2,0.9997563521359129
5,0.2,uniform,2,RotatingGreedy,0.9601,0.2451827934590147,1,2,4,0.9996874024793395
5,0.2,uniform,2,AgeMIS,0.9604,0.24000416493127863,1,1,3,0.9992695460143542
5,0.2,uniform,2,GuardedFill,0.959,0.25933263816475494,1,2,2,0.999583398682027
5,0.2,uniform,3,GRR,0.8648,0.9066836262719704,2,2,2,0.9997662467905053
5,0.2,uniform,3,RotatingGreedy,0.9692,0.25,1,2,4,0.9997645092717423
5,0.2,uniform,3,AgeMIS,0.9706,0.24253039357098702,1,1,3,0.999404811285586
5,0.2,uniform,3,GuardedFill,0.9662,0.258124611881598,1,2,2,0.9997349939210094
5,0.2,uniform,4,GRR,0.8508,0.8898683591913493,2,2,2,0.9999115101335816
5,0.2,uniform,4,RotatingGreedy,0.9579,0.23927341058565613,1,2,4,0.9999236739756318
5,0.2,uniform,4,AgeMIS,0.9606,0.2330834894857381,1,1,3,0.9997578051604598
5,0.2,uniform,4,GuardedFill,0.9563,0.2520129666422671,1,2,2,0.9999181486282488
5,0.2,uniform,5,GRR,0.8406,0.9006661908160838,2,2,2,0.9999682436712354
5,0.2,uniform,5,RotatingGreedy,0.9475,0.24422163588390502,1,2,4,0.999983403342823
5,0.2,uniform,5,AgeMIS,0.9499,0.23644594167807137,1,1,3,0.9997461162765072
5,0.2,uniform,5,GuardedFill,0.9444,0.25889453621346886,1,2,2,0.9999590325630581
5,0.2,uniform,6,GRR,0.8501,0.911657452064463,2,2,2,0.9995165552577382
5,0.2,uniform,6,RotatingGreedy,0.958,0.24979123173277662,1,2,4,0.9994036882469959
5,0.2,uniform,6,AgeMIS,0.96,0.24041666666666667,1,1,2,0.9995862172939479
5,0.2,uniform,6,GuardedFill,0.956,0.2598326359832636,1,2,2,0.9995313685078544
5,0.2,uniform,7,GRR,0.8487,0.9117473783433486,2,2,2,0.9991451613205264
5,0.2,uniform,7,RotatingGreedy,0.9591,0.24700239808153476,1,2,4,0.9989106676094647
5,0.2,uniform,7,AgeMIS,0.961,0.23714880332986474,1,1,3,0.9995356891606688
5,0.2,uniform,7,GuardedFill,0.9563,0.2557774756875458,1,2,2,0.9991763465288223
5,0.2,uniform,8,GRR,0.8513,0.8969810877481499,2,2,2,0.9998878852229454
5,0.2,uniform,8,RotatingGreedy,0.9562,0.2417904204141393,1,2,4,0.9998424648359009
5,0.2,uniform,8,AgeMIS,0.9564,0.23588456712672523,1,1,3,0.9994906503959768
5,0.2,uniform,8,GuardedFill,0.9539,0.25327602474053884,1,2,2,0.9998898492344362
5,0.2,uniform,9,GRR,0.8545,0.8977179637214745,2,2,2,0.999539634517993
5,0.2,uniform,9,RotatingGreedy,0.9625,0.25184415584415587,1,2,4,0.999599580201221
5,0.2,uniform,9,AgeMIS,0.9642,0.24351794233561502,1,1,3,0.9994766969077857
5,0.2,uniform,9,GuardedFill,0.9578,0.2610148256420965,1,2,2,0.9995749919723975
5,0.2,uniform,10,GRR,0.8396,0.9045974273463554,2,2,2,0.9997314773778838
5,0.2,uniform,10,RotatingGreedy,0.9431,0.23581804686671615,1,2,4,0.9998013296435697
5,0.2,uniform,10,AgeMIS,0.9451,0.23002856840545974,1,1,3,0.9996898234526441
5,0.2,uniform,10,GuardedFill,0.9426,0.24803734351792914,1,2,2,0.999783568367314
5,0.2,uniform,11,GRR,0.8541,0.8885376419622995,2,2,2,0.9998823420806687
5,0.2,uniform,11,RotatingGreedy,0.9546,0.25193798449612403,1,2,4,0.9998534773133967
5,0.2,uniform,11,AgeMIS,0.9588,0.2461410095953275,1,1,3,0.9992575277410771
5,0.2,uniform,11,GuardedFill,0.9536,0.2641568791946309,1,2,2,0.9997581942030155
5,0.2,uniform,12,GRR,0.8431,0.8957419048748666,2,2,2,0.9992815697779078
5,0.2,uniform,12,RotatingGreedy,0.948,0.23660337552742616,1,2,4,0.9991289484289665
5,0.2,uniform,12,AgeMIS,0.9524,0.22942041159176815,1,1,3,0.9991428702665733
5,0.2,uniform,12,GuardedFill,0.9472,0.2509501689189189,1,2,2,0.9990213867188261
5,0.2,uniform,13,GRR,0.847,0.9070838252656435,2,2,2,0.9995150169883377
5,0.2,uniform,13,RotatingGreedy,0.9595,0.23804064616988013,1,2,4,0.9996587236579699
5,0.2,uniform,13,AgeMIS,0.9585,0.22712571726656233,1,1,3,0.9996183110798429
5,0.2,uniform,13,GuardedFill,0.9562,0.24816983894582723,1,2,2,0.9997171807603755
5,0.2,uniform,14,GRR,0.8565,0.8925861062463515,2,2,2,0.9998923223446469
5,0.2,uniform,14,RotatingGreedy,0.964,0.24574688796680497,1,2,4,0.9997341704757962
5,0.2,uniform,14,AgeMIS,0.9656,0.2366404308202154,1,1,2,0.999628681278188
5,0.2,uniform,14,GuardedFill,0.9642,0.2533706699854802,1,2,2,0.9997113178438284
5,0.2,uniform,15,GRR,0.842,0.9049881235154394,2,2,2,0.9998548797017601
5,0.2,uniform,15,RotatingGreedy,0.9501,0.24881591411430376,1,2,4,0.9997739048370177
5,0.2,uniform,15,AgeMIS,0.9482,0.23686985867960345,1,1,3,0.9991302481847573
5,0.2,uniform,15,GuardedFill,0.9468,0.25633713561470217,1,2,2,0.9997064102728525
5,0.2,uniform,16,GRR,0.8488,0.8905513666352498,2,2,2,0.9997024182437626
5,0.2,uniform,16,RotatingGreedy,0.9541,0.24085525626244628,1,2,4,0.9994769995470382
5,0.2,uniform,16,AgeMIS,0.9581,0.23598789270431061,1,1,2,0.9996569203208227
5,0.2,uniform,16,GuardedFill,0.9518,0.24837150661903762,1,2,2,0.9994729043767604
5,0.2,uniform,17,GRR,0.855,0.8919298245614035,2,2,2,0.9994890611645878
5,0.2,uniform,17,RotatingGreedy,0.9634,0.24081378451318247,1,2,4,0.9995928563981986
5,0.2,uniform,17,AgeMIS,0.9655,0.23190056965302952,1,1,3,0.9991266928297976
5,0.2,uniform,17,GuardedFill,0.9597,0.2523705324580598,1,2,2,0.9993565006901185
5,0.2,uniform,18,GRR,0.8549,0.9064218037197334,2,2,2,0.9994012787097244
5,0.2,uniform,18,RotatingGreedy,0.968,0.2444214876033058,1,2,4,0.9991984223946089
5,0.2,uniform,18,AgeMIS,0.9687,0.22865696294002272,1,1,3,0.9996730964132808
5,0.2,uniform,18,GuardedFill,0.9674,0.24881124664047963,1,2,2,0.9992586250213682
5,0.2,uniform,19,GRR,0.8581,0.8944179000116537,2,2,2,0.9997855514145372
5,0.2,uniform,19,RotatingGreedy,0.9613,0.24290023925933632,1,2,4,0.9995891084645593
5,0.2,uniform,19,AgeMIS,0.9623,0.2351657487270082,1,1,3,0.9995568373431893
5,0.2,uniform,19,GuardedFill,0.9598,0.2518232965201084,1,2,2,0.9996153739730167
5,0.2,uniform,20,GRR,0.8437,0.9002014934218324,2,2,2,0.9998451273874994
5,0.2,uniform,20,RotatingGreedy,0.9483,0.2394811768427713,1,2,4,0.9999289921155785
5,0.2,uniform,20,AgeMIS,0.9491,0.23053419028553365,1,1,4,0.9998613188858114
5,0.2,uniform,20,GuardedFill,0.947,0.24868004223864837,1,2,2,0.9999035562113981
5,0.2,uniform,21,GRR,0.848,0.9040094339622642,2,2,2,0.9996270359589882
5,0.2,uniform,21,RotatingGreedy,0.9544,0.23931265716680636,1,2,4,0.999349689365149
5,0.2,uniform,21,AgeMIS,0.9579,0.2337404739534398,1,1,3,0.9987597416970294
5,0.2,uniform,21,GuardedFill,0.9538,0.24921367162927238,1,2,2,0.999379808172919
5,0.2,uniform,22,GRR,0.848,0.9005896226415094,2,2,2,0.999816749944872
5,0.2,uniform,22,RotatingGreedy,0.9534,0.24061254457730227,1,2,4,0.9998341917253597
5,0.2,uniform,22,AgeMIS,0.9536,0.2326971476510067,1,1,3,0.999662247507366
5,0.2,uniform,22,GuardedFill,0.9501,0.25134196400378905,1,2,2,0.9998914030818197
5,0.2,uniform,23,GRR,0.8479,0.8992805755395683,2,2,2,0.9993246784476806
5,0.2,uniform,23,RotatingGreedy,0.9568,0.2330685618729097,1,2,4,0.9992703474718292
5,0.2,uniform,23,AgeMIS,0.9579,0.2223614155966176,1,1,3,0.9993701034388961
5,0.2,uniform,23,GuardedFill,0.9543,0.24143351147437914,1,2,2,0.9993095053838247
5,0.2,uniform,24,GRR,0.8423,0.8963552178558708,2,2,2,0.9999384648299936
5,0.2,uniform,24,RotatingGreedy,0.9455,0.24812268640930724,1,2,4,0.9998967633752247
5,0.2,uniform,24,AgeMIS,0.9438,0.23394787031150668,1,1,3,0.9998932933417223
5,0.2,uniform,24,GuardedFill,0.9423,0.2549082033322721,1,2,2,0.9999073660697319
5,0.2,uniform,25,GRR,0.844,0.9018957345971564,2,2,2,0.9996314895931595
5,0.2,uniform,25,RotatingGreedy,0.9491,0.24096512485512592,1,2,4,0.9995905942314889
5,0.2,uniform,25,AgeMIS,0.9509,0.23272689031443894,1,1,3,0.9990592470296933
5,0.2,uniform,25,GuardedFill,0.9491,0.2480244442103045,1,2,2,0.9995186105928194
5,0.2,uniform,26,GRR,0.8533,0.894878706199461,2,2,2,0.9997958722838268
5,0.2,uniform,26,RotatingGreedy,0.9556,0.24832565927166178,1,2,4,0.999640240831965
5,0.2,uniform,26,AgeMIS,0.9562,0.23677055009412257,1,1,3,0.9999193343950222
5,0.2,uniform,26,GuardedFill,0.9531,0.2576854474871472,1,2,2,0.999839039493714
5,0.2,uniform,27,GRR,0.8551,0.8910068997778038,2,2,2,0.9999534483026238
5,0.2,uniform,27,RotatingGreedy,0.9652,0.2467882304185661,1,2,4,0.9999570010704651
5,0.2,uniform,27,AgeMIS,0.9662,0.23845994618091493,1,1,3,0.9998891871104452
5,0.2,uniform,27,GuardedFill,0.962,0.2559251559251559,1,2,2,0.9999685566225534
5,0.2,uniform,28,GRR,0.8516,0.8866838891498356,2,2,2,0.9999114281412539
5,0.2,uniform,28,RotatingGreedy,0.9507,0.2498159251078153,1,2,4,0.9997435353877971
5,0.2,uniform,28,AgeMIS,0.9528,0.23887489504617967,1,1,3,0.9994215246424492
5,0.2,uniform,28,GuardedFill,0.9486,0.25795909761754166,1,2,2,0.9997067678369845
5,0.2,uniform,29,GRR,0.8376,0.9043696275071633,2,2,2,0.9998219463709994
5,0.2,uniform,29,RotatingGreedy,0.9422,0.24007641689662493,1,2,4,0.9998178178552467
5,0.2,uniform,29,AgeMIS,0.9455,0.23183500793231096,1,1,3,0.9991414250723214
5,0.2,uniform,29,GuardedFill,0.9405,0.2506113769271664,1,2,2,0.9996659267365806
5,0.2,hotspot,0,GRR,0.5858,1.1567087743257085,2,2,2,0.42265241574334544
5,0.2,hotspot,0,RotatingGreedy,0.9525,0.13973753280839896,1,2,4,0.3142483189562615
5,0.2,hotspot,0,AgeMIS,0.9441,0.09712954136214384,1,1,2,0.3177233299265676
5,0.2,hotspot,0,GuardedFill,0.9474,0.1199071142073042,1,1,2,0.31670509775068245
5,0.2,hotspot,1,GRR,0.5837,1.1560733253383588,2,2,2,0.4232212937747076
5,0.2,hotspot,1,RotatingGreedy,0.9392,0.15012776831345825,1,2,4,0.315105548079267
5,0.2,hotspot,1,AgeMIS,0.9308,0.10259991405242802,1,1,2,0.3188824422475309
5,0.2,hotspot,1,GuardedFill,0.9352,0.1226475620188195,1,1,2,0.3171034191552357
5,0.2,hotspot,2,GRR,0.585,1.1526495726495727,2,2,2,0.4234668113261549
5,0.2,hotspot,2,RotatingGreedy,0.9556,0.14943491000418585,1,3,4,0.314139846290942
5,0.2,hotspot,2,AgeMIS,0.946,0.10169133192389006,1,1,2,0.3185748152404122
5,0.2,hotspot,2,GuardedFill,0.9498,0.12202568961886713,1,1,2,0.31661561188091153
5,0.2,hotspot,3,GRR,0.5856,1.1531762295081966,2,2,2,0.42381818970536417
5,0.2,hotspot,3,RotatingGreedy,0.9471,0.14750290360046459,1,2,4,0.31572336283991026
5,0.2,hotspot,3,AgeMIS,0.9383,0.09826281573057657,1,1,2,0.3199655970623434
5,0.2,hotspot,3,GuardedFill,0.9413,0.11994050780835015,1,1,2,0.3179485189306062
5,0.2,hotspot,4,GRR,0.5881,1.1443632035368134,2,2,2,0.4273668063722657
5,0.2,hotspot,4,RotatingGreedy,0.9511,0.1510882136473557,1,3,4,0.31749060860427913
5,0.2,hotspot,4,AgeMIS,0.9408,0.09927721088435375,1,1,2,0.32184723270829263
5,0.2,hotspot,4,GuardedFill,0.9443,0.12294821560944615,1,1,2,0.32028563853372083
5,0.2,hotspot,5,GRR,0.5741,1.1520641003309529,2,2,2,0.40956768589855547
5,0.2,hotspot,5,RotatingGreedy,0.9392,0.13330494037478705,1,2,4,0.30695714529950635
5,0.2,hotspot,5,AgeMIS,0.9306,0.09660434128519235,1,1,2,0.311276422367096
5,0.2,hotspot,5,GuardedFill,0.9341,0.11711808157584841,1,1,2,0.30949410199690874
5,0.2,hotspot,6,GRR,0.5775,1.147878787878788,2,2,2,0.4127863465955326
5,0.2,hotspot,6,RotatingGreedy,0.947,0.13611404435058078,1,2,4,0.3089623149341024
5,0.2,hotspot,6,AgeMIS,0.9375,0.09312,1,1,2,0.31242958809087595
5,0.2,hotspot,6,GuardedFill,0.9418,0.11647908260777234,1,1,2,0.3105241292097236
5,0.2,hotspot,7,GRR,0.586,1.1438566552901024,2,2,2,0.42380859524450115
5,0.2,hotspot,7,RotatingGreedy,0.9483,0.14879257618896974,1,2,4,0.3149381583841382
5,0.2,hotspot,7,AgeMIS,0.9365,0.10282968499733049,1,1,2,0.3190176777491042
5,0.2,hotspot,7,GuardedFill,0.9415,0.1241635687732342,1,1,2,0.31730398965566275
5,0.2,hotspot,8,GRR,0.5903,1.1600880908012874,2,2,2,0.42801951510238906
5,0.2,hotspot,8,RotatingGreedy,0.958,0.14572025052192067,1,3,4,0.31689164680836884
5,0.2,hotspot,8,AgeMIS,0.9485,0.09773326304691618,1,1,2,0.3213864261023926
5,0.2,hotspot,8,GuardedFill,0.9526,0.1227167751417174,1,1,2,0.3191119649708091
5,0.2,hotspot,9,GRR,0.5849,1.1492562831253206,2,2,2,0.42393325382344205
5,0.2,hotspot,9,RotatingGreedy,0.9483,0.14362543498892755,1,2,4,0.31601405115396664
5,0.2,hotspot,9,AgeMIS,0.9389,0.09894557460858451,1,1,2,0.32011320795620757
5,0.2,hotspot,9,GuardedFill,0.944,0.12033898305084746,1,1,2,0.3179801387302254
5,0.2,hotspot,10,GRR,0.5827,1.1491333447743264,2,2,2,0.4209313556518496
5,0.2,hotspot,10,RotatingGreedy,0.9502,0.141338665544096,1,2,4,0.31300963213188226
5,0.2,hotspot,10,AgeMIS,0.9404,0.1002764780944279,1,1,2,0.3169334208495343
5,0.2,hotspot,10,GuardedFill,0.9442,0.1195721245498835,1,1,2,0.3152148912378531
5,0.2,hotspot,11,GRR,0.5811,1.1488556186542764,2,2,2,0.4202615716790048
5,0.2,hotspot,11,RotatingGreedy,0.9467,0.1385866694834689,1,2,4,0.3121907340534792
5,0.2,hotspot,11,AgeMIS,0.9374,0.09537017281843396,1,1,2,0.3160195435231654
5,0.2,hotspot,11,GuardedFill,0.9414,0.1154663267473975,1,1,2,0.3141931920539183
5,0.2,hotspot,12,GRR,0.573,1.1527050610820244,2,2,2,0.40931188942897995
5,0.2,hotspot,12,RotatingGreedy,0.9304,0.1421969045571797,1,2,4,0.30808257316401
5,0.2,hotspot,12,AgeMIS,0.921,0.09761129207383279,1,1,3,0.3125811286994088
5,0.2,hotspot,12,GuardedFill,0.9242,0.12270071413114045,1,1,2,0.31097246353268126
5,0.2,hotspot,13,GRR,0.5803,1.1499224539031536,2,2,2,0.41701963693761085
5,0.2,hotspot,13,RotatingGreedy,0.9465,0.14886423666138404,1,3,4,0.3111614321538334
5,0.2,hotspot,13,AgeMIS,0.9366,0.0972667093743327,1,1,2,0.3156893458660984
5,0.2,hotspot,13,GuardedFill,0.9408,0.12149234693877552,1,1,2,0.31368120991357845
5,0.2,hotspot,14,GRR,0.5802,1.1439158910720442,2,2,2,0.4174377638576209
5,0.2,hotspot,14,RotatingGreedy,0.9512,0.13467199327165685,1,2,4,0.31058859359215263
5,0.2,hotspot,14,AgeMIS,0.9429,0.09651076466221233,1,1,2,0.31419275327432244
5,0.2,hotspot,14,GuardedFill,0.9471,0.1151937493400908,1,1,2,0.3124460818382033
5,0.2,hotspot,15,GRR,0.5835,1.1497857754927163,2,2,2,0.4199536163204439
5,0.2,hotspot,15,RotatingGreedy,0.9528,0.14546599496221663,1,3,4,0.3120067892904875
5,0.2,hotspot,15,AgeMIS,0.9435,0.09602543720190779,1,1,2,0.31642498292607185
5,0.2,hotspot,15,GuardedFill,0.9458,0.12264749418481709,1,1,2,0.31457515344871867
5,0.2,hotspot,16,GRR,0.5932,1.1552596089008766,2,2,2,0.43111040815218904
5,0.2,hotspot,16,RotatingGreedy,0.9635,0.15225739491437468,1,3,4,0.31884129823009044
5,0.2,hotspot,16,AgeMIS,0.9542,0.10658142946971284,1,1,2,0.32348384010171877
5,0.2,hotspot,16,GuardedFill,0.9589,0.12973198456564813,1,1,2,0.32094054099203134
5,0.2,hotspot,17,GRR,0.5752,1.161335187760779,2,2,2,0.4074492183276327
5,0.2,hotspot,17,RotatingGreedy,0.9455,0.1343204653622422,1,2,4,0.3065624324282108
5,0.2,hotspot,17,AgeMIS,0.9361,0.09112274329665634,1,1,2,0.309577684387682
5,0.2,hotspot,17,GuardedFill,0.9401,0.11115838740559515,1,1,2,0.3079761020823255
5,0.2,hotspot,18,GRR,0.5865,1.1415174765558398,2,2,2,0.42637782458121865
5,0.2,hotspot,18,RotatingGreedy,0.9507,0.15620069422530766,1,3,4,0.3157855386806679
5,0.2,hotspot,18,AgeMIS,0.9398,0.10480953394339221,1,1,3,0.3209125323869578
5,0.2,hotspot,18,GuardedFill,0.943,0.1273594909862142,1,1,2,0.31862277983630244
5,0.2,hotspot,19,GRR,0.5841,1.1441533983906864,2,2,2,0.42173282591979727
5,0.2,hotspot,19,RotatingGreedy,0.9486,0.1432637571157495,1,2,4,0.3142699531246906
5,0.2,hotspot,19,AgeMIS,0.9391,0.09849856245341285,1,1,2,0.3178635837486937
5,0.2,hotspot,19,GuardedFill,0.942,0.11868365180467091,1,1,2,0.3162801831448472
5,0.2,hotspot,20,GRR,0.5837,1.1418536919650506,2,2,2,0.4231799235469363
5,0.2,hotspot,20,RotatingGreedy,0.9492,0.1390644753476612,1,2,4,0.3143949099172928
5,0.2,hotspot,20,AgeMIS,0.9374,0.09344996799658631,1,1,2,0.3182998896170996
5,0.2,hotspot,20,GuardedFill,0.9436,0.11381941500635863,1,1,2,0.31616242758850294
5,0.2,hotspot,21,GRR,0.5808,1.140668044077135,2,2,2,0.42118370415911377
5,0.2,hotspot,21,RotatingGreedy,0.9407,0.1428723291166153,1,2,4,0.3137684909298609
5,0.2,hotspot,21,AgeMIS,0.9293,0.09738512859141289,1,1,2,0.3179417637982724
5,0.2,hotspot,21,GuardedFill,0.934,0.11970021413276231,1,1,2,0.31580565764469426
5,0.2,hotspot,22,GRR,0.5904,1.135840108401084,2,2,2,0.42797794718458015
5,0.2,hotspot,22,RotatingGreedy,0.9502,0.14649547463691853,1,2,4,0.3172528395881265
5,0.2,hotspot,22,AgeMIS,0.9398,0.09863800808682699,1,1,2,0.32171305499136493
5,0.2,hotspot,22,GuardedFill,0.9437,0.12376814665677652,1,1,2,0.32008229478710126
5,0.2,hotspot,23,GRR,0.5827,1.154625021451862,2,2,2,0.4230566084542098
5,0.2,hotspot,23,RotatingGreedy,0.9467,0.13943171015105102,1,2,4,0.31518288397995714
5,0.2,hotspot,23,AgeMIS,0.9379,0.09510608806909052,1,1,2,0.318849204346271
5,0.2,hotspot,23,GuardedFill,0.9414,0.1118546845124283,1,1,2,0.3171526523334573
5,0.2,hotspot,24,GRR,0.5755,1.1543006081668115,2,2,2,0.41181524654031004
5,0.2,hotspot,24,RotatingGreedy,0.9424,0.13879456706281834,1,2,4,0.3101214009692453
5,0.2,hotspot,24,AgeMIS,0.9326,0.09532489813424834,1,1,3,0.31399402606726273
5,0.2,hotspot,24,GuardedFill,0.9359,0.11422160487231542,1,1,2,0.3117540061757566
5,0.2,hotspot,25,GRR,0.5812,1.1582931865106676,2,2,2,0.417033366033269
5,0.2,hotspot,25,RotatingGreedy,0.9495,0.15186940494997367,1,3,4,0.30934155832924176
5,0.2,hotspot,25,AgeMIS,0.9381,0.09860356038801833,1,1,2,0.31396109323390875
5,0.2,hotspot,25,GuardedFill,0.9437,0.12270848786690686,1,1,2,0.3120640531691707
5,0.2,hotspot,26,GRR,0.5825,1.1414592274678113,2,2,2,0.4179693579780018
5,0.2,hotspot,26,RotatingGreedy,0.9443,0.14232765011119347,1,2,4,0.31155519783079644
5,0.2,hotspot,26,AgeMIS,0.9356,0.10047028644719966,1,1,3,0.31551747635432054
5,0.2,hotspot,26,GuardedFill,0.9404,0.12069332199064228,1,1,2,0.31357040098370836
5,0.2,hotspot,27,GRR,0.5834,1.1647240315392526,2,2,2,0.41928360157929423
5,0.2,hotspot,27,RotatingGreedy,0.9578,0.14512424305700564,1,2,4,0.310326175385783
5,0.2,hotspot,27,AgeMIS,0.946,0.09778012684989429,1,1,3,0.31499940954066136
5,0.2,hotspot,27,GuardedFill,0.9511,0.12206918305120387,1,1,2,0.31287738672278453
5,0.2,hotspot,28,GRR,0.5823,1.1562768332474669,2,2,2,0.4185425757430719
5,0.2,hotspot,28,RotatingGreedy,0.9481,0.14439405126041557,1,2,4,0.31201193574757685
5,0.2,hotspot,28,AgeMIS,0.9377,0.10003199317478938,1,1,2,0.3164861913718946
5,0.2,hotspot,28,GuardedFill,0.9428,0.12134068731438269,1,1,2,0.3141715843317112
5,0.2,hotspot,29,GRR,0.5904,1.132791327913279,2,2,2,0.428878712493339
5,0.2,hotspot,29,RotatingGreedy,0.9504,0.14183501683501684,1,2,4,0.3185522608862357
5,0.2,hotspot,29,AgeMIS,0.9408,0.09970238095238096,1,1,2,0.3224187185615166
5,0.2,hotspot,29,GuardedFill,0.945,0.12126984126984126,1,1,2,0.3206510822873926
5,0.4,uniform,0,GRR,1.4268,1.0116344266890944,2,2,2,0.9998316586456173
5,0.4,uniform,0,RotatingGreedy,1.6404,0.5586442331138747,2,3,4,0.999887768130831
5,0.4,uniform,0,AgeMIS,1.6468,0.5352805440854992,2,2,3,0.9989847299877438
5,0.4,uniform,0,GuardedFill,1.6189,0.5952807461856816,2,2,2,0.9999389392720652
5,0.4,uniform,1,GRR,1.4194,1.0152881499225024,2,2,2,0.9998991314505199
5,0.4,uniform,1,RotatingGreedy,1.6315,0.5527428746552252,2,3,4,0.9999658888094276
5,0.4,uniform,1,AgeMIS,1.6424,0.5277642474427667,2,2,4,0.9979008063252968
5,0.4,uniform,1,GuardedFill,1.6169,0.588966540911621,2,2,2,0.9999652164806487
5,0.4,uniform,2,GRR,1.4319,1.0165514351560863,2,2,2,0.9999025426236424
5,0.4,uniform,2,RotatingGreedy,1.6449,0.5573591099762903,2,3,4,0.9999894150352661
5,0.4,uniform,2,AgeMIS,1.6544,0.5423114119922631,2,2,4,0.9985873894783603
5,0.4,uniform,2,GuardedFill,1.6254,0.5915466961978589,2,2,2,0.9999769340194484
5,0.4,uniform,3,GRR,1.4216,1.0225801913337085,2,2,2,0.9999171545988994
5,0.4,uniform,3,RotatingGreedy,1.6412,0.5514257860102364,2,3,4,0.9998990797158507
5,0.4,uniform,3,AgeMIS,1.649,0.5297149787750152,2,2,4,0.9982824863054688
5,0.4,uniform,3,GuardedFill,1.6262,0.5835075636453081,2,2,2,0.9998662094462271
5,0.4,uniform,4,GRR,1.4227,1.012230266394883,2,2,2,0.9999358958224118
5,0.4,uniform,4,RotatingGreedy,1.6367,0.5534306836927965,2,3,4,0.9996712801428461
5,0.4,uniform,4,AgeMIS,1.6479,0.5374719339765762,2,2,4,0.9980732476746182
5,0.4,uniform,4,GuardedFill,1.6211,0.5854666584417988,2,2,2,0.9997996797973591
5,0.4,uniform,5,GRR,1.4256,1.0049102132435466,2,2,2,0.9998210556594431
5,0.4,uniform,5,RotatingGreedy,1.6308,0.5602771645818003,2,3,4,0.9996429713149068
5,0.4,uniform,5,AgeMIS,1.6435,0.5372680255552176,2,2,4,0.9974518762985518
5,0.4,uniform,5,GuardedFill,1.6134,0.5885087393082931,2,2,2,0.999533635879572
5,0.4,uniform,6,GRR,1.4226,1.0177843385350767,2,2,2,0.9999138127473733
5,0.4,uniform,6,RotatingGreedy,1.64,0.5531707317073171,2,3,4,0.9999024113686108
5,0.4,uniform,6,AgeMIS,1.6478,0.5310110450297366,2,2,4,0.9988356576086757
5,0.4,uniform,6,GuardedFill,1.6216,0.5864578194375925,2,2,2,0.9999334388333908
5,0.4,uniform,7,GRR,1.4147,1.0160458047642609,2,2,2,0.9998991495684693
5,0.4,uniform,7,RotatingGreedy,1.6304,0.5536678115799804,2,3,4,0.999780599239315
5,0.4,uniform,7,AgeMIS,1.646,0.5250303766707168,2,2,4,0.9984530757465155
5,0.4,uniform,7,GuardedFill,1.6158,0.5888723851961877,2,2,2,0.9998732890857462
5,0.4,uniform,8,GRR,1.4302,1.0114669277024193,2,2,2,0.9999305538615519
5,0.4,uniform,8,RotatingGreedy,1.6442,0.5516360540080282,2,3,4,0.999782816513238
5,0.4,uniform,8,AgeMIS,1.6565,0.530938726230003,2,2,4,0.9985975560238375
5,0.4,uniform,8,GuardedFill,1.6287,0.5859274267820962,2,2,2,0.9999026884263478
5,0.4,uniform,9,GRR,1.4236,1.008359089631919,2,2,2,0.9999547842764936
5,0.4,uniform,9,RotatingGreedy,1.6338,0.5523319867792875,2,3,4,0.9999064786935606
5,0.4,uniform,9,AgeMIS,1.6449,0.5263541856647821,2,2,4,0.9987581523888219
5,0.4,uniform,9,GuardedFill,1.6196,0.5860088910842183,2,2,2,0.9999139490614581
5,0.4,uniform,10,GRR,1.425,1.0171228070175438,2,2,2,0.999851693281617
5,0.4,uniform,10,RotatingGreedy,1.6365,0.5579590589673082,2,3,4,0.9997908307916861
5,0.4,uniform,10,AgeMIS,1.6501,0.5383310102418035,2,2,4,0.9979992073786178
5,0.4,uniform,10,GuardedFill,1.6202,0.5970250586347364,2,2,2,0.9997103901522141
5,0.4,uniform,11,GRR,1.4267,1.0199761687811033,2,2,2,0.9998871839110286
5,0.4,uniform,11,RotatingGreedy,1.6422,0.5510900012178784,2,3,4,0.999775838109338
5,0.4,uniform,11,AgeMIS,1.6512,0.5337936046511628,2,2,4,0.9987746896180876
5,0.4,uniform,11,GuardedFill,1.6236,0.5925104705592511,2,2,2,0.9998803895763161
5,0.4,uniform,12,GRR,1.4316,1.0129226040793518,2,2,2,0.9997432493941844
5,0.4,uniform,12,RotatingGreedy,1.6444,0.5535757723181708,2,3,4,0.9998362947066515
5,0.4,uniform,12,AgeMIS,1.6556,0.5328581783039381,2,2,4,0.9983381472020734
5,0.4,uniform,12,GuardedFill,1.6298,0.5800711743772242,2,2,2,0.99976789935897
5,0.4,uniform,13,GRR,1.4215,1.0164614843475201,2,2,2,0.9997472754745073
5,0.4,uniform,13,RotatingGreedy,1.6365,0.5467766575007639,2,3,4,0.9995348175219654
5,0.4,uniform,13,AgeMIS,1.6499,0.5218498090793381,2,2,4,0.9990117520960734
5,0.4,uniform,13,GuardedFill,1.6204,0.5805356702048877,2,2,2,0.9996633112900976
5,0.4,uniform,14,GRR,1.4162,1.0103092783505154,2,2,2,0.9999809239917798
5,0.4,uniform,14,RotatingGreedy,1.6357,0.5514458641560188,2,3,4,0.9999757211470585
5,0.4,uniform,14,AgeMIS,1.6486,0.5245662986776659,2,2,4,0.9983152643156289
5,0.4,uniform,14,GuardedFill,1.619,0.5846201358863496,2,2,2,0.9999675726734538
5,0.4,uniform,15,GRR,1.4074,1.0038368622992753,2,2,2,0.9999237023454537
5,0.4,uniform,15,RotatingGreedy,1.6246,0.5494891050104641,2,3,4,0.999946223993472
5,0.4,uniform,15,AgeMIS,1.6338,0.5334802301383278,2,2,4,0.9982507870852277
5,0.4,uniform,15,GuardedFill,1.6079,0.5802599664158219,2,2,2,0.999854145048329
5,0.4,uniform,16,GRR,1.4239,1.0162230493714446,2,2,2,0.9999413398083453
5,0.4,uniform,16,RotatingGreedy,1.6367,0.5639396346306592,2,3,4,0.9998816544613732
5,0.4,uniform,16,AgeMIS,1.6509,0.5423102550124175,2,2,5,0.9982981535535262
5,0.4,uniform,16,GuardedFill,1.6177,0.5968350126723125,2,2,2,0.999873777532672
5,0.4,uniform,17,GRR,1.4218,1.002461668307779,2,2,2,0.9999548082203531
5,0.4,uniform,17,RotatingGreedy,1.6302,0.5454545454545454,2,3,4,0.9999023030864075
5,0.4,uniform,17,AgeMIS,1.6406,0.526148969889065,2,2,4,0.9987949676855452
5,0.4,uniform,17,GuardedFill,1.6169,0.5793184488836662,2,2,2,0.9999493822513802
5,0.4,uniform,18,GRR,1.4408,1.004164353137146,2,2,2,0.9999924563577899
5,0.4,uniform,18,RotatingGreedy,1.6439,0.5657886732769634,2,3,4,0.9999736760148328
5,0.4,uniform,18,AgeMIS,1.6586,0.545158567466538,2,2,5,0.9984377363662152
5,0.4,uniform,18,GuardedFill,1.6256,0.6011318897637795,2,2,2,0.9999803074773235
5,0.4,uniform,19,GRR,1.4286,1.008539829203416,2,2,2,0.9999416271426633
5,0.4,uniform,19,RotatingGreedy,1.6368,0.5516862170087976,2,3,4,0.9999109635729942
5,0.4,uniform,19,AgeMIS,1.6501,0.5397248651596873,2,2,4,0.9981134221993221
5,0.4,uniform,19,GuardedFill,1.6217,0.586113337855337,2,2,2,0.9999087656892379
5,0.4,uniform,20,GRR,1.4181,0.9996474155560257,2,2,2,0.9999160491363153
5,0.4,uniform,20,RotatingGreedy,1.6352,0.5423189823874756,2,3,4,0.9999495664551332
5,0.4,uniform,20,AgeMIS,1.6417,0.5324358896266066,2,2,4,0.998027458375158
5,0.4,uniform,20,GuardedFill,1.6174,0.572029182638803,2,2,2,0.9998845156351283
5,0.4,uniform,21,GRR,1.4188,1.0086692979983085,2,2,2,0.9999610247403483
5,0.4,uniform,21,RotatingGreedy,1.6339,0.5513801334230981,2,3,4,0.9999275832021121
5,0.4,uniform,21,AgeMIS,1.6408,0.5307776694295465,2,2,3,0.9984802040557093
5,0.4,uniform,21,GuardedFill,1.6177,0.5813191568275947,2,2,2,0.9999745664902007
5,0.4,uniform,22,GRR,1.4325,1.0073996509598604,2,2,2,0.9999759758946123
5,0.4,uniform,22,RotatingGreedy,1.6493,0.5565391378160431,2,3,4,0.999936457017773
5,0.4,uniform,22,AgeMIS,1.6569,0.5362423803488442,2,2,4,0.9986321813330968
5,0.4,uniform,22,GuardedFill,1.6294,0.5911378421504848,2,2,2,0.9999393093796085
5,0.4,uniform,23,GRR,1.4157,1.0207671116762025,2,2,2,0.9999482814573383
5,0.4,uniform,23,RotatingGreedy,1.6255,0.552199323285143,2,3,4,0.999972183575158
5,0.4,uniform,23,AgeMIS,1.6376,0.5330361504640938,2,2,4,0.9983580777234521
5,0.4,uniform,23,GuardedFill,1.611,0.5826815642458101,2,2,2,0.9999167802269819
5,0.4,uniform,24,GRR,1.4136,1.0170486700622523,2,2,2,0.9999049565742014
5,0.4,uniform,24,RotatingGreedy,1.6279,0.5508937895448124,2,3,4,0.9998932062131088
5,0.4,uniform,24,AgeMIS,1.6438,0.5317556880399076,2,2,4,0.9987008912241171
5,0.4,uniform,24,GuardedFill,1.6122,0.584790968862424,2,2,2,0.9998874929394568
5,0.4,uniform,25,GRR,1.4303,1.0127246032300916,2,2,2,0.9999152659782419
5,0.4,uniform,25,RotatingGreedy,1.645,0.5596352583586626,2,3,4,0.9999126839673612
5,0.4,uniform,25,AgeMIS,1.6513,0.5393326470053897,2,2,4,0.9986307934647202
5,0.4,uniform,25,GuardedFill,1.6273,0.5904258587844896,2,2,2,0.9998880607898707
5,0.4,uniform,26,GRR,1.4239,1.0092703139265398,2,2,2,0.9999607707893794
5,0.4,uniform,26,RotatingGreedy,1.6341,0.5573098341594762,2,3,4,0.9999110136003639
5,0.4,uniform,26,AgeMIS,1.6482,0.5391336002912268,2,2,4,0.9979133168716673
5,0.4,uniform,26,GuardedFill,1.6185,0.5904850169910411,2,2,2,0.9999117099262262
5,0.4,uniform,27,GRR,1.4167,1.0218112514999647,2,2,2,0.9999289750311313
5,0.4,uniform,27,RotatingGreedy,1.63,0.5565030674846626,2,3,4,0.9999300361346993
5,0.4,uniform,27,AgeMIS,1.6388,0.5297778862582377,2,2,4,0.9985861664309137
5,0.4,uniform,27,GuardedFill,1.6119,0.5910416278925492,2,2,2,0.9998906525413692
5,0.4,uniform,28,GRR,1.4342,1.0032770882722075,2,2,2,0.9999846569784593
5,0.4,uniform,28,RotatingGreedy,1.6449,0.5580886376071493,2,3,4,0.9999669449031888
5,0.4,uniform,28,AgeMIS,1.656,0.5355072463768116,2,2,4,0.9983698566815798
5,0.4,uniform,28,GuardedFill,1.6316,0.586847266486884,2,2,2,0.9999741791270659
5,0.4,uniform,29,GRR,1.4279,1.0146368793332867,2,2,2,0.9999745751520911
5,0.4,uniform,29,RotatingGreedy,1.6436,0.5574348990021903,2,3,4,0.9999649678128825
5,0.4,uniform,29,AgeMIS,1.6542,0.54267924072059,2,2,5,0.9981435268728922
5,0.4,uniform,29,GuardedFill,1.6242,0.5888437384558551,2,2,2,0.9999248509574945
5,0.4,hotspot,0,GRR,1.2399,1.0927494152754254,2,2,2,0.9141825302019235
5,0.4,hotspot,0,RotatingGreedy,1.5669,0.5300912630033825,2,4,4,0.7624453223342443
5,0.4,hotspot,0,AgeMIS,1.5613,0.45840005123935185,1,2,4,0.8069527817504413
5,0.4,hotspot,0,GuardedFill,1.5465,0.521823472356935,2,2,2,0.7901852696033145
5,0.4,hotspot,1,GRR,1.2431,1.0974177459576864,2,2,2,0.9154281034018902
5,0.4,hotspot,1,RotatingGreedy,1.5753,0.531962165936647,2,4,4,0.7666166225191064
5,0.4,hotspot,1,AgeMIS,1.5741,0.46439235118480404,1,2,6,0.8122817834906312
5,0.4,hotspot,1,GuardedFill,1.5541,0.5289878386204234,2,2,2,0.7945219288266328
5,0.4,hotspot,2,GRR,1.2433,1.1002975951097884,2,2,2,0.9154785892166535
5,0.4,hotspot,2,RotatingGreedy,1.571,0.5269891788669637,2,4,4,0.7656259393729876
5,0.4,hotspot,2,AgeMIS,1.5644,0.46343646126310406,1,2,5,0.8115429529471375
5,0.4,hotspot,2,GuardedFill,1.5511,0.5238218038811167,2,2,2,0.7926712988910873
5,0.4,hotspot,3,GRR,1.2587,1.0849288948915548,2,2,2,0.9206255270972168
5,0.4,hotspot,3,RotatingGreedy,1.5747,0.5370546770813488,2,4,4,0.7740419663221147
5,0.4,hotspot,3,AgeMIS,1.5732,0.4651665395372489,1,2,5,0.8188832434438026
5,0.4,hotspot,3,GuardedFill,1.5549,0.5352112676056338,2,2,2,0.8036098148452433
5,0.4,hotspot,4,GRR,1.2445,1.1005222981116913,2,2,2,0.9160479927022788
5,0.4,hotspot,4,RotatingGreedy,1.5722,0.5253148454395115,2,4,4,0.7711164933904511
5,0.4,hotspot,4,AgeMIS,1.567,0.45737077217613276,1,2,4,0.8175845358061844
5,0.4,hotspot,4,GuardedFill,1.5533,0.5215991759479817,2,2,2,0.799266216018283
5,0.4,hotspot,5,GRR,1.2376,1.097365869424693,2,2,2,0.9136639687403793
5,0.4,hotspot,5,RotatingGreedy,1.568,0.5307397959183674,2,4,4,0.7615735059012853
5,0.4,hotspot,5,AgeMIS,1.5599,0.4633630360920572,1,2,5,0.8095277995721322
5,0.4,hotspot,5,GuardedFill,1.5472,0.5266933815925543,2,2,2,0.7895820709364183
5,0.4,hotspot,6,GRR,1.2413,1.097720132119552,2,2,2,0.9151262688976616
5,0.4,hotspot,6,RotatingGreedy,1.5698,0.5254809529876417,2,4,4,0.7642752310297217
5,0.4,hotspot,6,AgeMIS,1.5668,0.4564717896349247,1,2,4,0.8099983224999739
5,0.4,hotspot,6,GuardedFill,1.5502,0.5204489743258934,2,2,2,0.792639383356704
5,0.4,hotspot,7,GRR,1.2401,1.1063623901298283,2,2,2,0.9146713238228844
5,0.4,hotspot,7,RotatingGreedy,1.5717,0.5305083667366546,2,4,4,0.7643624638891361
5,0.4,hotspot,7,AgeMIS,1.563,0.46301983365323096,1,2,4,0.8129318838626048
5,0.4,hotspot,7,GuardedFill,1.551,0.5281108961960026,2,2,2,0.7933601691410461
5,0.4,hotspot,8,GRR,1.2517,1.0930734201485979,2,2,2,0.9188693602426034
5,0.4,hotspot,8,RotatingGreedy,1.5752,0.540312341289995,2,4,4,0.7718551496562269
5,0.4,hotspot,8,AgeMIS,1.5703,0.4733490415844106,1,2,5,0.8181638057219625
5,0.4,hotspot,8,GuardedFill,1.5545,0.5354776455451914,2,2,2,0.7996444293341647
5,0.4,hotspot,9,GRR,1.2472,1.1042334830019243,2,2,2,0.9166932686117556
5,0.4,hotspot,9,RotatingGreedy,1.578,0.5317490494296578,2,4,4,0.7669129791023263
5,0.4,hotspot,9,AgeMIS,1.5718,0.4689527929762056,1,2,5,0.8176575259530544
5,0.4,hotspot,9,GuardedFill,1.5557,0.5353859998714405,2,2,2,0.7980337204017117
5,0.4,hotspot,10,GRR,1.2526,1.1033051253392943,2,2,2,0.9190796122191958
5,0.4,hotspot,10,RotatingGreedy,1.5789,0.5322059661789854,2,4,4,0.7715912591037075
5,0.4,hotspot,10,AgeMIS,1.5727,0.4687480129713232,1,2,4,0.8190784928011715
5,0.4,hotspot,10,GuardedFill,1.5606,0.5242214532871973,2,2,2,0.7983849853796037
5,0.4,hotspot,11,GRR,1.2493,1.0961338349475707,2,2,2,0.9175897595192448
5,0.4,hotspot,11,RotatingGreedy,1.5812,0.5347837085757653,2,4,4,0.7669721454201655
5,0.4,hotspot,11,AgeMIS,1.5763,0.4642517287318404,1,2,5,0.8192167677540078
5,0.4,hotspot,11,GuardedFill,1.5616,0.5270235655737705,2,2,2,0.7991904123416826
5,0.4,hotspot,12,GRR,1.2433,1.092174052923671,2,2,2,0.9156449606618776
5,0.4,hotspot,12,RotatingGreedy,1.5751,0.527395086026284,2,4,4,0.7656154290453219
5,0.4,hotspot,12,AgeMIS,1.5705,0.4605539637058262,1,2,5,0.8128300802628717
5,0.4,hotspot,12,GuardedFill,1.5528,0.5236991241628027,2,2,2,0.7924925284392598
5,0.4,hotspot,13,GRR,1.2432,1.1037644787644787,2,2,2,0.9153511973981232
5,0.4,hotspot,13,RotatingGreedy,1.572,0.5356234096692112,2,4,4,0.7656267074086481
5,0.4,hotspot,13,AgeMIS,1.5652,0.4677996422182469,1,2,5,0.8175008680218095
5,0.4,hotspot,13,GuardedFill,1.5517,0.5285815557130888,2,2,2,0.7985417577153979
5,0.4,hotspot,14,GRR,1.2566,1.0954162024510583,2,2,2,0.9201945607104196
5,0.4,hotspot,14,RotatingGreedy,1.5805,0.5400822524517558,2,4,4,0.7750478688148197
5,0.4,hotspot,14,AgeMIS,1.5713,0.4724750206835105,1,2,4,0.821628974895608
5,0.4,hotspot,14,GuardedFill,1.5588,0.5417628945342571,2,2,2,0.8041448387551982
5,0.4,hotspot,15,GRR,1.2483,1.0859569013858847,2,2,2,0.9173609254422288
5,0.4,hotspot,15,RotatingGreedy,1.5655,0.5388054934525711,2,4,4,0.769055687456634
5,0.4,hotspot,15,AgeMIS,1.5619,0.4696843587937768,1,2,5,0.8153687105852088
5,0.4,hotspot,15,GuardedFill,1.5465,0.533462657613967,2,2,2,0.7938272048515268
5,0.4,hotspot,16,GRR,1.2306,1.0928815212091663,2,2,2,0.911522141142595
5,0.4,hotspot,16,RotatingGreedy,1.559,0.5294419499679281,2,4,4,0.7545758139314815
5,0.4,hotspot,16,AgeMIS,1.5535,0.4617315738654651,1,2,4,0.8073890636881995
5,0.4,hotspot,16,GuardedFill,1.5413,0.5220268604424836,2,2,2,0.7860465393297044
5,0.4,hotspot,17,GRR,1.2584,1.090034965034965,2,2,2,0.9206968844505673
5,0.4,hotspot,17,RotatingGreedy,1.5808,0.5296052631578947,2,4,4,0.7744460344611984
5,0.4,hotspot,17,AgeMIS,1.5767,0.468319908670007,1,2,5,0.8219974003078676
5,0.4,hotspot,17,GuardedFill,1.5612,0.5311939533692032,2,2,2,0.8006287707695041
5,0.4,hotspot,18,GRR,1.2353,1.100785234356027,2,2,2,0.9130673218718499
5,0.4,hotspot,18,RotatingGreedy,1.564,0.5271099744245524,2,4,4,0.7579277259686307
5,0.4,hotspot,18,AgeMIS,1.5587,0.459934560851992,1,2,4,0.8086481924789477
5,0.4,hotspot,18,GuardedFill,1.5435,0.5240686750890833,2,2,2,0.787936088398885
5,0.4,hotspot,19,GRR,1.2418,1.0874536962473829,2,2,2,0.915186145611755
5,0.4,hotspot,19,RotatingGreedy,1.5721,0.5257935245849501,2,4,4,0.7618916825466132
5,0.4,hotspot,19,AgeMIS,1.5692,0.4581952587305633,1,2,5,0.8111699246426121
5,0.4,hotspot,19,GuardedFill,1.5509,0.520729898768457,2,2,2,0.7924678889568784
5,0.4,hotspot,20,GRR,1.241,1.0921837228041902,2,2,2,0.9149836012668411
5,0.4,hotspot,20,RotatingGreedy,1.5648,0.5246676891615542,2,4,4,0.7614434680090998
5,0.4,hotspot,20,AgeMIS,1.5586,0.4638136789426408,1,2,5,0.8089901352005696
5,0.4,hotspot,20,GuardedFill,1.5465,0.5194956353055286,2,2,2,0.7915589792815426
5,0.4,hotspot,21,GRR,1.2369,1.1035653650254669,2,2,2,0.9140443933482717
5,0.4,hotspot,21,RotatingGreedy,1.5718,0.5325104975187683,2,4,4,0.7676491392718685
5,0.4,hotspot,21,AgeMIS,1.5647,0.46552054706972584,1,2,5,0.8147987062521821
5,0.4,hotspot,21,GuardedFill,1.551,0.5269503546099291,2,2,2,0.7946248421635113
5,0.4,hotspot,22,GRR,1.241,1.100402900886382,2,2,2,0.9148728824257113
5,0.4,hotspot,22,RotatingGreedy,1.5683,0.5279602116941912,2,4,4,0.7613890527463386
5,0.4,hotspot,22,AgeMIS,1.5597,0.45585689555683784,1,2,4,0.8086366373515631
5,0.4,hotspot,22,GuardedFill,1.5494,0.5217503549761198,2,2,2,0.7909953517036493
5,0.4,hotspot,23,GRR,1.2513,1.1054902900982977,2,2,2,0.9182934861641047
5,0.4,hotspot,23,RotatingGreedy,1.5789,0.5399961998859966,2,4,4,0.7696169602116933
5,0.4,hotspot,23,AgeMIS,1.574,0.4647395171537484,1,2,4,0.816328359673509
5,0.4,hotspot,23,GuardedFill,1.5606,0.5316544918621043,2,2,2,0.794803664460141
5,0.4,hotspot,24,GRR,1.2461,1.1024797367787498,2,2,2,0.9162147775218945
5,0.4,hotspot,24,RotatingGreedy,1.5766,0.5282252949384753,2,4,4,0.7713511413908477
5,0.4,hotspot,24,AgeMIS,1.5734,0.4610397864497267,1,2,5,0.8158192080713912
5,0.4,hotspot,24,GuardedFill,1.5567,0.5241215391533371,2,2,2,0.796741474630098
5,0.4,hotspot,25,GRR,1.2428,1.0932571612487931,2,2,2,0.9157949010820544
5,0.4,hotspot,25,RotatingGreedy,1.5691,0.5284558026894398,2,4,4,0.7662733835635899
5,0.4,hotspot,25,AgeMIS,1.5654,0.46077679826242496,1,2,5,0.8130431991247121
5,0.4,hotspot,25,GuardedFill,1.5492,0.5233023495997935,2,2,2,0.7938562668773631
5,0.4,hotspot,26,GRR,1.2259,1.10008972999429,2,2,2,0.9096660232814161
5,0.4,hotspot,26,RotatingGreedy,1.5628,0.5213718965958536,2,4,4,0.7538092455175575
5,0.4,hotspot,26,AgeMIS,1.5561,0.45536919221129746,1,2,4,0.802883204340087
5,0.4,hotspot,26,GuardedFill,1.5425,0.5183144246353323,2,2,2,0.7834750681439259
5,0.4,hotspot,27,GRR,1.2541,1.1066103181564468,2,2,2,0.9198565442685186
5,0.4,hotspot,27,RotatingGreedy,1.5833,0.535842859849681,2,4,4,0.7656997403677327
5,0.4,hotspot,27,AgeMIS,1.5787,0.45955533033508583,1,2,5,0.816613000293661
5,0.4,hotspot,27,GuardedFill,1.5629,0.5292725062384029,2,2,2,0.7988771009142837
5,0.4,hotspot,28,GRR,1.2514,1.0987693782963082,2,2,2,0.9185059059679875
5,0.4,hotspot,28,RotatingGreedy,1.5792,0.5391970618034447,2,4,4,0.7715155523389902
5,0.4,hotspot,28,AgeMIS,1.5714,0.4740995290823469,1,2,5,0.8190113612920045
5,0.4,hotspot,28,GuardedFill,1.5571,0.5311155352899621,2,2,2,0.7983312313110319
5,0.4,hotspot,29,GRR,1.2455,1.0995584102769973,2,2,2,0.9170248337132767
5,0.4,hotspot,29,RotatingGreedy,1.5754,0.5290085057763108,2,4,4,0.7686232243347091
5,0.4,hotspot,29,AgeMIS,1.57,0.46471337579617833,1,2,4,0.8157105406685927
5,0.4,hotspot,29,GuardedFill,1.5551,0.5250466207960903,2,2,2,0.7966560807057945
