N,p,workload,comparison,metric,comparison_mean,GRR_mean,diff_mean,ci95_low,ci95_high,paired_t_p,wilcoxon_p,paired_t_p_holm,wilcoxon_p_holm
101,0.05,hotspot,AgeMIS,throughput,4.963444444444445,4.7916944444444445,0.17174999999999993,0.16576572156663172,0.17773427843336814,1.9384471758077284e-15,0.00048828125,1.1436838337265596e-13,0.0703125
101,0.05,hotspot,AgeMIS,mean_wait,0.10335476237727753,0.543361793783432,-0.44000703140615455,-0.4435601677139132,-0.4364538950983959,2.0351980815911143e-22,0.00048828125,1.8970524445041062e-20,0.0703125
101,0.05,hotspot,AgeMIS,max_wait,2.6666666666666665,2.0,0.6666666666666666,0.35383225812026303,0.9795010752130702,0.0006603135246711999,0.0078125,0.012545956968752797,0.140625
101,0.05,hotspot,AgeMIS,jain,0.5199674544510356,0.5410717336224421,-0.021104279171406403,-0.021999851202255116,-0.02020870714055769,1.6838010004952875e-14,0.00048828125,9.26090550272408e-13,0.0703125
101,0.05,hotspot,GuardedFill,throughput,4.9597500000000005,4.7916944444444445,0.1680555555555554,0.16315323530424275,0.17295787580686806,2.757014044594859e-16,0.00048828125,1.7369188480947612e-14,0.0703125
101,0.05,hotspot,GuardedFill,mean_wait,0.11040596197995563,0.543361793783432,-0.43295583180347647,-0.4360569137115313,-0.4298547498954216,5.442113620069607e-23,0.00048828125,5.333271347668215e-21,0.0703125
101,0.05,hotspot,GuardedFill,max_wait,1.9166666666666667,2.0,-0.08333333333333333,-0.26674876334096986,0.10008209667430322,0.3388006961962015,1.0,1.0,1.0
101,0.05,hotspot,GuardedFill,jain,0.5209046517184347,0.5410717336224421,-0.02016708190400726,-0.02082115384263595,-0.019513009965378574,8.826839961105279e-16,0.00048828125,5.38437237627422e-14,0.0703125
101,0.05,hotspot,RotatingGreedy,throughput,4.961555555555556,4.7916944444444445,0.16986111111111102,0.16375051576459146,0.17597170645763058,2.752160514163098e-15,0.00048828125,1.5962530982145967e-13,0.0703125
101,0.05,hotspot,RotatingGreedy,mean_wait,0.10398019591158997,0.543361793783432,-0.4393815978718421,-0.44305758307097715,-0.4357056126727071,3.0044068869715595e-22,0.00048828125,2.7039661982744036e-20,0.0703125
101,0.05,hotspot,RotatingGreedy,max_wait,4.583333333333333,2.0,2.5833333333333335,2.1585518945665796,3.0081147721000874,3.755600119993948e-08,0.00048828125,1.3895720443977608e-06,0.0703125
101,0.05,hotspot,RotatingGreedy,jain,0.5203300201635455,0.5410717336224421,-0.02074171345889662,-0.021557170717202534,-0.019926256200590707,7.288792297512704e-15,0.00048828125,4.154611609582241e-13,0.0703125
101,0.05,uniform,AgeMIS,throughput,5.030916666666666,4.915777777777778,0.11513888888888905,0.1114313740131898,0.11884640376458831,8.157231430674552e-16,0.00048828125,5.057483487018222e-14,0.0703125
101,0.05,uniform,AgeMIS,mean_wait,0.05227396204131296,0.52548722311762,-0.4732132610763071,-0.4756833956477098,-0.47074312650490446,1.6765740200990723e-24,0.00048828125,1.8609971623099702e-22,0.0703125
101,0.05,uniform,AgeMIS,max_wait,1.5833333333333333,2.0,-0.4166666666666667,-0.743836722360674,-0.08949661097265937,0.017180487343013168,0.0625,0.2920682848312238,1.0
101,0.05,uniform,AgeMIS,jain,0.9939216751805392,0.9940089439837999,-8.72688032604596e-05,-0.00020064534800420288,2.610774148328368e-05,0.11832605805511143,0.1513671875,1.0,1.0
101,0.05,uniform,GuardedFill,throughput,5.030694444444444,4.915777777777778,0.11491666666666656,0.11189018575500997,0.11794314757832314,8.972068671986533e-17,0.00048828125,5.742123950071381e-15,0.0703125
101,0.05,uniform,GuardedFill,mean_wait,0.05383635707453035,0.52548722311762,-0.47165086604308964,-0.4743044442625647,-0.4689972878236146,3.823171028165407e-24,0.00048828125,4.0907930001369854e-22,0.0703125
101,0.05,uniform,GuardedFill,max_wait,1.5833333333333333,2.0,-0.4166666666666667,-0.743836722360674,-0.08949661097265937,0.017180487343013168,0.0625,0.2920682848312238,1.0
101,0.05,uniform,GuardedFill,jain,0.9939129939737706,0.9940089439837999,-9.595001002909997e-05,-0.00018096890669461784,-1.0931113363582106e-05,0.030358788635421997,0.04248046875,0.45538182953132994,0.72216796875
101,0.05,uniform,RotatingGreedy,throughput,5.031194444444444,4.915777777777778,0.11541666666666672,0.11165383849073508,0.11917949484259836,9.346470880504193e-16,0.00048828125,5.607882528302516e-14,0.0703125
101,0.05,uniform,RotatingGreedy,mean_wait,0.0523031747085222,0.52548722311762,-0.4731840484090979,-0.4757472565105103,-0.4706208403076855,2.5200139486252925e-24,0.00048828125,2.7468152040015687e-22,0.0703125
101,0.05,uniform,RotatingGreedy,max_wait,3.0,2.0,1.0,0.7290774550209348,1.270922544979065,5.641523903220856e-06,0.0009765625,0.00015796266929018397,0.0703125
101,0.05,uniform,RotatingGreedy,jain,0.9939179735492756,0.9940089439837999,-9.097043452411617e-05,-0.0002000198516135222,1.8078982565289858e-05,0.09349627809945635,0.09228515625,1.0,1.0
101,0.2,hotspot,AgeMIS,throughput,16.77311111111111,16.075472222222224,0.6976388888888895,0.6849554376550981,0.7103223401226808,1.5285460029391388e-18,0.00048828125,1.0394112819986145e-16,0.0703125
101,0.2,hotspot,AgeMIS,mean_wait,0.34296052134314836,0.6393205678238705,-0.2963600464807223,-0.2981014431870112,-0.29461864977443336,6.165158093820762e-24,0.00048828125,6.411764417573593e-22,0.0703125
101,0.2,hotspot,AgeMIS,max_wait,4.833333333333333,2.0,2.8333333333333335,2.3028967861239504,3.3637698805427165,1.4356308680133128e-07,0.00048828125,4.45045569084127e-06,0.0703125
101,0.2,hotspot,AgeMIS,jain,0.7091861016385351,0.6969533355400316,0.01223276609850349,0.011746409185050783,0.012719123011956195,8.243143893754005e-15,0.00048828125,4.616160580502243e-13,0.0703125
101,0.2,hotspot,GuardedFill,throughput,16.683666666666667,16.075472222222224,0.6081944444444446,0.5973539842354219,0.6190349046534673,1.229493783496089e-18,0.00048828125,8.483507106123014e-17,0.0703125
101,0.2,hotspot,GuardedFill,mean_wait,0.35868649888960563,0.6393205678238705,-0.28063406893426496,-0.2818295801041186,-0.2794385577644113,1.7935488137666555e-25,0.00048828125,2.098452112106987e-23,0.0703125
101,0.2,hotspot,GuardedFill,max_wait,2.0,2.0,0.0,0.0,0.0,,1.0,1.0,1.0
101,0.2,hotspot,GuardedFill,jain,0.7147701257135214,0.6969533355400316,0.01781679017348987,0.017545371779284377,0.018088208567695364,2.187785336656661e-19,0.00048828125,1.5752054423927958e-17,0.0703125
101,0.2,hotspot,RotatingGreedy,throughput,16.748638888888888,16.075472222222224,0.6731666666666666,0.6613224306796814,0.6850109026536517,1.0664436462294987e-18,0.00048828125,7.465105523606491e-17,0.0703125
101,0.2,hotspot,RotatingGreedy,mean_wait,0.3461276458068647,0.6393205678238705,-0.2931929220170058,-0.29487614411993274,-0.2915096999140789,4.774861029609489e-24,0.00048828125,5.061352691386058e-22,0.0703125
101,0.2,hotspot,RotatingGreedy,max_wait,20.5,2.0,18.5,17.131908209535155,19.868091790464845,7.268152474094638e-12,0.00048828125,3.779439286529212e-10,0.0703125
101,0.2,hotspot,RotatingGreedy,jain,0.6863860550252138,0.6969533355400316,-0.01056728051481795,-0.012160461348588275,-0.008974099681047626,1.5156118998900573e-08,0.00048828125,6.062447599560229e-07,0.0703125
101,0.2,uniform,AgeMIS,throughput,19.27436111111111,18.089027777777776,1.185333333333335,1.1727300144702293,1.1979366521964405,4.195474695483051e-21,0.00048828125,3.440289250296102e-19,0.0703125
101,0.2,uniform,AgeMIS,mean_wait,0.22917863355819845,0.5724829821126899,-0.34330434855449155,-0.3451152005828093,-0.3414934965261738,1.88087234509588e-24,0.00048828125,2.068959579605468e-22,0.0703125
101,0.2,uniform,AgeMIS,max_wait,3.0,2.0,1.0,1.0,1.0,0.0,0.00048828125,0.0,0.0703125
101,0.2,uniform,AgeMIS,jain,0.9986895883052029,0.998819176714037,-0.00012958840883423028,-0.00018454921706066818,-7.462760060779238e-05,0.0002992831698793675,0.00048828125,0.00598566339758735,0.0703125
101,0.2,uniform,GuardedFill,throughput,19.211388888888887,18.089027777777776,1.1223611111111127,1.1091763814456974,1.135545840776528,1.2557187368129881e-20,0.00048828125,1.0045749894503905e-18,0.0703125
101,0.2,uniform,GuardedFill,mean_wait,0.24743525805487918,0.5724829821126899,-0.32504772405781085,-0.32671374168194384,-0.32338170643367786,1.3714624542753267e-24,0.00048828125,1.5360379487883659e-22,0.0703125
101,0.2,uniform,GuardedFill,max_wait,2.0,2.0,0.0,0.0,0.0,,1.0,1.0,1.0
101,0.2,uniform,GuardedFill,jain,0.9987390145144355,0.998819176714037,-8.016219960154299e-05,-0.0001188509245030667,-4.147347470001928e-05,0.000816115832694668,0.00048828125,0.014690084988504023,0.0703125
101,0.2,uniform,RotatingGreedy,throughput,19.274722222222223,18.089027777777776,1.1856944444444455,1.1715528936002433,1.1998359952886477,1.4835872483370187e-20,0.00048828125,1.1423621812195044e-18,0.0703125
101,0.2,uniform,RotatingGreedy,mean_wait,0.2289422907191707,0.5724829821126899,-0.3435406913935193,-0.345427092845677,-0.34165428994136154,2.9263260619433734e-24,0.00048828125,3.160432146898843e-22,0.0703125
101,0.2,uniform,RotatingGreedy,max_wait,5.75,2.0,3.75,3.271072078172464,4.228927921827536,2.6223148558107743e-09,0.00048828125,1.127595387998633e-07,0.0703125
101,0.2,uniform,RotatingGreedy,jain,0.9986898157042972,0.998819176714037,-0.00012936100973981457,-0.00018050369870241468,-7.821832077721446e-05,0.00016836438124236187,0.00048828125,0.0035356520060895995,0.0703125
101,0.4,hotspot,AgeMIS,throughput,32.15847222222222,30.493916666666664,1.6645555555555562,1.648643142486053,1.6804679686250594,1.3020154157110902e-21,0.00048828125,1.1197332575115377e-19,0.0703125
101,0.4,hotspot,AgeMIS,mean_wait,0.489875519760238,0.6760134725242247,-0.1861379527639865,-0.18738478220163463,-0.1848911233263384,2.6045157818165953e-23,0.00048828125,2.604515781816595e-21,0.0703125
101,0.4,hotspot,AgeMIS,max_wait,4.666666666666667,2.0,2.6666666666666665,2.252825643387785,3.080507689945548,2.052774210149463e-08,0.00048828125,7.800541998567959e-07,0.0703125
101,0.4,hotspot,AgeMIS,jain,0.9658631101178806,0.9571159556613744,0.008747154456506007,0.008624309409635496,0.008869999503376517,8.946857399411778e-20,0.00048828125,6.620674475564715e-18,0.0703125
101,0.4,hotspot,GuardedFill,throughput,31.851694444444444,30.493916666666664,1.3577777777777775,1.3415675578737964,1.3739879976817586,1.5000549658128058e-20,0.00048828125,1.1423621812195044e-18,0.0703125
101,0.4,hotspot,GuardedFill,mean_wait,0.5219633104391654,0.6760134725242247,-0.15405016208505912,-0.15500299963223144,-0.1530973245378868,1.0839033656159943e-23,0.00048828125,1.1055814329283142e-21,0.0703125
101,0.4,hotspot,GuardedFill,max_wait,2.0,2.0,0.0,0.0,0.0,,1.0,1.0,1.0
101,0.4,hotspot,GuardedFill,jain,0.9651915600200583,0.9571159556613744,0.008075604358683828,0.007974618265937627,0.008176590451430028,2.4970513494310543e-20,0.00048828125,1.872788512073291e-18,0.0703125
101,0.4,hotspot,RotatingGreedy,throughput,32.15383333333333,30.493916666666664,1.6599166666666674,1.6434059126050096,1.6764274207283252,2.0148834436951574e-21,0.00048828125,1.6925020927039322e-19,0.0703125
101,0.4,hotspot,RotatingGreedy,mean_wait,0.48879646075276945,0.6760134725242247,-0.1872170117714552,-0.1886215589939945,-0.1858124645489159,9.058952662323941e-23,0.00048828125,8.787184082454223e-21,0.0703125
101,0.4,hotspot,RotatingGreedy,max_wait,16.333333333333332,2.0,14.333333333333334,12.143492473508509,16.52317419315816,1.7421131368856656e-08,0.00048828125,6.794241233854096e-07,0.0703125
101,0.4,hotspot,RotatingGreedy,jain,0.9481154661806959,0.9571159556613744,-0.0090004894806786,-0.010261798160193748,-0.007739180801163451,7.01699220991132e-09,0.00048828125,2.8769668060636414e-07,0.0703125
101,0.4,uniform,AgeMIS,throughput,33.99883333333333,32.191472222222224,1.8073611111111123,1.7927775075897083,1.8219447146325163,2.0181408984086237e-22,0.00048828125,1.8970524445041062e-20,0.0703125
101,0.4,uniform,AgeMIS,mean_wait,0.4745645098831246,0.642150768552669,-0.16758625866954432,-0.168964017898922,-0.16620849944016666,2.4785869615972035e-22,0.00048828125,2.280300004669427e-20,0.0703125
101,0.4,uniform,AgeMIS,max_wait,4.75,2.0,2.75,2.4626432469034785,3.0373567530965215,3.063568946553134e-10,0.00048828125,1.4092417154144418e-08,0.0703125
101,0.4,uniform,AgeMIS,jain,0.9995593062392151,0.99965471902686,-9.541278764471639e-05,-0.00012396692413302717,-6.685865115640561e-05,1.4400238800946358e-05,0.00048828125,0.0003744062088246053,0.0703125
101,0.4,uniform,GuardedFill,throughput,33.625416666666666,32.191472222222224,1.433944444444445,1.4220921779993763,1.4457967108895136,2.6295184995140477e-22,0.00048828125,2.3928618345577833e-20,0.0703125
101,0.4,uniform,GuardedFill,mean_wait,0.5081853173030358,0.642150768552669,-0.13396545124963302,-0.13511779096369053,-0.1328131115355755,4.0771140023416316e-22,0.00048828125,3.587860322060636e-20,0.0703125
101,0.4,uniform,GuardedFill,max_wait,2.0,2.0,0.0,0.0,0.0,,1.0,1.0,1.0
101,0.4,uniform,GuardedFill,jain,0.9996253170895956,0.99965471902686,-2.9401937264306177e-05,-3.751805148920962e-05,-2.1285823039402734e-05,6.742091430417796e-06,0.00048828125,0.0001820364686212805,0.0703125
101,0.4,uniform,RotatingGreedy,throughput,34.017722222222226,32.191472222222224,1.8262500000000006,1.804518115243857,1.8479818847561442,1.4469660163131095e-20,0.00048828125,1.1286334927242254e-18,0.0703125
101,0.4,uniform,RotatingGreedy,mean_wait,0.4732449841456192,0.642150768552669,-0.1689057844070497,-0.17025658048264067,-0.16755498833145874,1.8295156085561255e-22,0.00048828125,1.7380398281283194e-20,0.0703125
101,0.4,uniform,RotatingGreedy,max_wait,7.916666666666667,2.0,5.916666666666667,5.344620058883157,6.488713274450177,1.3269052338564714e-10,0.00048828125,6.236454599125416e-09,0.0703125
101,0.4,uniform,RotatingGreedy,jain,0.9995594121026322,0.99965471902686,-9.530692422775784e-05,-0.00012791478811752726,-6.269906033798843e-05,4.85384784585976e-05,0.00048828125,0.0011163850045477447,0.0703125
1001,0.05,hotspot,AgeMIS,throughput,49.18997222222222,47.58580555555556,1.6041666666666654,1.588541248193152,1.6197920851401788,1.6002478902026114e-21,0.00048828125,1.3602107066722196e-19,0.0703125
1001,0.05,hotspot,AgeMIS,mean_wait,0.11074436273379666,0.5276148522317795,-0.4168704894979829,-0.41760482668232735,-0.41613615231363843,1.0841287782720173e-29,0.00048828125,1.4852564262326637e-27,0.0703125
1001,0.05,hotspot,AgeMIS,max_wait,3.0833333333333335,2.0,1.0833333333333333,0.8999179033256968,1.2667487633409698,5.08848807212823e-08,0.00048828125,1.7809708252448805e-06,0.0703125
1001,0.05,hotspot,AgeMIS,jain,0.5149568243979107,0.5336395512137063,-0.018682726815795737,-0.019128231550916756,-0.018237222080674718,3.012631288840529e-17,0.00048828125,1.988336650634749e-15,0.0703125
1001,0.05,hotspot,GuardedFill,throughput,49.12383333333333,47.58580555555556,1.538027777777776,1.5263175502729907,1.5497380052825613,1.0655671857384011e-22,0.00048828125,1.0229444983088651e-20,0.0703125
1001,0.05,hotspot,GuardedFill,mean_wait,0.11790951999107752,0.5276148522317795,-0.40970533224070205,-0.4105253518017137,-0.4088853126796904,4.416892855971968e-29,0.00048828125,5.830298569882998e-27,0.0703125
1001,0.05,hotspot,GuardedFill,max_wait,2.0,2.0,0.0,0.0,0.0,,1.0,1.0,1.0
1001,0.05,hotspot,GuardedFill,jain,0.5163626350892615,0.5336395512137063,-0.01727691612444479,-0.01760684665584007,-0.016946985593049513,2.6239309284712283e-18,0.00048828125,1.758033722075723e-16,0.0703125
1001,0.05,hotspot,RotatingGreedy,throughput,49.1945,47.58580555555556,1.608694444444443,1.5924912380875862,1.6248976508013,2.3128736568175618e-21,0.00048828125,1.9196851351585762e-19,0.0703125
1001,0.05,hotspot,RotatingGreedy,mean_wait,0.11059416252273353,0.5276148522317795,-0.41702068970904604,-0.4178540347653199,-0.4161873446527722,4.340884629343378e-29,0.00048828125,5.773376557026693e-27,0.0703125
1001,0.05,hotspot,RotatingGreedy,max_wait,6.25,2.0,4.25,3.9626432469034785,4.537356753096522,2.740591886001337e-12,0.00048828125,1.479919618440722e-10,0.0703125
1001,0.05,hotspot,RotatingGreedy,jain,0.5148706162519664,0.5336395512137063,-0.01876893496174002,-0.019243946874338527,-0.01829392304914151,5.793852715515361e-17,0.00048828125,3.766004265084985e-15,0.0703125
1001,0.05,uniform,AgeMIS,throughput,49.930277777777775,48.805527777777776,1.1247499999999995,1.1114514326577842,1.1380485673422147,1.3483292955359454e-20,0.00048828125,1.0651801434733968e-18,0.0703125
1001,0.05,uniform,AgeMIS,mean_wait,0.05259140674358195,0.5140484151491135,-0.46145700840553144,-0.46216709067508593,-0.46074692613597695,2.450180929671224e-30,0.00048828125,3.4547551108364256e-28,0.0703125
1001,0.05,uniform,AgeMIS,max_wait,2.0,2.0,0.0,0.0,0.0,,1.0,1.0,1.0
1001,0.05,uniform,AgeMIS,jain,0.9938016998793587,0.9939430160280033,-0.00014131614864437703,-0.00018620868303633186,-9.64236142524222e-05,2.492572105452819e-05,0.00048828125,0.0006231430263632047,0.0703125
1001,0.05,uniform,GuardedFill,throughput,49.92652777777778,48.805527777777776,1.1209999999999998,1.1105208255376366,1.131479174462363,1.0180214724812832e-21,0.00048828125,8.856786810587164e-20,0.0703125
1001,0.05,uniform,GuardedFill,mean_wait,0.053786600864428824,0.5140484151491135,-0.46026181428468455,-0.4609546480513014,-0.4595689805180677,1.923588298524848e-30,0.00048828125,2.7314953839052843e-28,0.0703125
1001,0.05,uniform,GuardedFill,max_wait,1.6666666666666667,2.0,-0.3333333333333333,-0.6461677418797369,-0.020498924786929718,0.03881409182311233,0.125,0.5433972855235726,1.0
1001,0.05,uniform,GuardedFill,jain,0.9938058274285705,0.9939430160280033,-0.00013718859943287476,-0.00018500938920356695,-8.936780966218257e-05,5.7229670743049336e-05,0.00048828125,0.0012590527563470853,0.0703125
1001,0.05,uniform,RotatingGreedy,throughput,49.929249999999996,48.805527777777776,1.1237222222222218,1.1108541671239789,1.1365902773204648,9.484082045994428e-21,0.00048828125,7.682106457255487e-19,0.0703125
1001,0.05,uniform,RotatingGreedy,mean_wait,0.05257246201995288,0.5140484151491135,-0.46147595312916057,-0.462189567795323,-0.46076233846299813,2.5864732974521595e-30,0.00048828125,3.6210626164330233e-28,0.0703125
1001,0.05,uniform,RotatingGreedy,max_wait,3.5833333333333335,2.0,1.5833333333333333,1.256163277639326,1.9105033890273406,3.9205051334221997e-07,0.00048828125,1.1369464886924379e-05,0.0703125
1001,0.05,uniform,RotatingGreedy,jain,0.9938037656565525,0.9939430160280033,-0.00013925037145069244,-0.00018522110683582234,-9.327963606556254e-05,3.529228275602099e-05,0.00048828125,0.0008470147861445038,0.0703125
1001,0.2,hotspot,AgeMIS,throughput,165.83705555555557,160.11891666666665,5.7181388888888875,5.6779659018685775,5.758311875909198,4.40032680306989e-23,0.00048828125,4.356323535039191e-21,0.0703125
1001,0.2,hotspot,AgeMIS,mean_wait,0.3472170994143233,0.626599253109573,-0.2793821536952495,-0.28002004854146445,-0.27874425884903453,1.8805592476672295e-28,0.00048828125,2.3695046520607092e-26,0.0703125
1001,0.2,hotspot,AgeMIS,max_wait,4.833333333333333,2.0,2.8333333333333335,2.5860160179637637,3.0806506487029033,4.395010643878468e-11,0.00048828125,2.197505321939234e-09,0.0703125
1001,0.2,hotspot,AgeMIS,jain,0.7140019932106606,0.6924496039510247,0.02155238925963589,0.021368143664216632,0.02173663485505515,3.8090012958222665e-22,0.00048828125,3.390011153281817e-20,0.0703125
1001,0.2,hotspot,GuardedFill,throughput,165.7541111111111,160.11891666666665,5.6351944444444415,5.601964044914264,5.668424843974619,6.411763507616222e-24,0.00048828125,6.604116412844709e-22,0.0703125
1001,0.2,hotspot,GuardedFill,mean_wait,0.3535466592620267,0.626599253109573,-0.27305259384754615,-0.2735625357623264,-0.2725426519327659,2.0618608148270988e-29,0.00048828125,2.7835121000165833e-27,0.0703125
1001,0.2,hotspot,GuardedFill,max_wait,2.0,2.0,0.0,0.0,0.0,,1.0,1.0,1.0
1001,0.2,hotspot,GuardedFill,jain,0.7132073427086523,0.6924496039510247,0.02075773875762757,0.020621996499629838,0.0208934810156253,1.9995376011804673e-23,0.00048828125,2.019532977192272e-21,0.0703125
1001,0.2,hotspot,RotatingGreedy,throughput,165.67430555555558,160.11891666666665,5.555388888888889,5.523488363723391,5.587289414054387,4.7864146550369815e-24,0.00048828125,5.061352691386058e-22,0.0703125
1001,0.2,hotspot,RotatingGreedy,mean_wait,0.3487769567190086,0.626599253109573,-0.2778222963905643,-0.2783898558288556,-0.27725473695227304,5.532536118145471e-29,0.00048828125,7.192296953589113e-27,0.0703125
1001,0.2,hotspot,RotatingGreedy,max_wait,19.583333333333332,2.0,17.583333333333332,15.639884976870135,19.52678168979653,5.598991663911412e-10,0.00048828125,2.5195462487601355e-08,0.0703125
1001,0.2,hotspot,RotatingGreedy,jain,0.7126698564478534,0.6924496039510247,0.020220252496828555,0.019920261726352605,0.020520243267304505,1.6356528458190692e-19,0.00048828125,1.1940265774479205e-17,0.0703125
1001,0.2,uniform,AgeMIS,throughput,191.30730555555553,180.04174999999998,11.265555555555542,11.229665579652968,11.301445531458116,7.338945028263303e-27,0.00048828125,8.880123484198597e-25,0.0703125
1001,0.2,uniform,AgeMIS,mean_wait,0.23015805527164257,0.556994483328907,-0.3268364280572644,-0.32746288108391897,-0.3262099750306099,2.7439651428910196e-29,0.00048828125,3.6769132914739665e-27,0.0703125
1001,0.2,uniform,AgeMIS,max_wait,3.9166666666666665,2.0,1.9166666666666667,1.7332512366590302,2.1000820966743032,1.1875656785311627e-10,0.00048828125,5.700315256949581e-09,0.0703125
1001,0.2,uniform,AgeMIS,jain,0.9987176579788962,0.9988090313482468,-9.137336935088891e-05,-0.00010866011200176623,-7.40866267000116e-05,1.5985654154261765e-07,0.00048828125,4.79569624627853e-06,0.0703125
1001,0.2,uniform,GuardedFill,throughput,190.6628888888889,180.04174999999998,10.62113888888888,10.597028396080573,10.645249381697186,1.7644833165303411e-28,0.00048828125,2.2585386451588367e-26,0.0703125
1001,0.2,uniform,GuardedFill,mean_wait,0.24784694435141433,0.556994483328907,-0.30914753897749264,-0.30967271359006127,-0.308622364364924,7.273796510607239e-30,0.00048828125,1.003783918463799e-27,0.0703125
1001,0.2,uniform,GuardedFill,max_wait,2.0,2.0,0.0,0.0,0.0,,1.0,1.0,1.0
1001,0.2,uniform,GuardedFill,jain,0.9987229319948124,0.9988090313482468,-8.60993534346673e-05,-0.00010057119352848917,-7.162751334084544e-05,4.719352918726557e-08,0.00048828125,1.6989670507415605e-06,0.0703125
1001,0.2,uniform,RotatingGreedy,throughput,191.33152777777778,180.04174999999998,11.289777777777774,11.250246047753668,11.329309507801879,2.0752082170709115e-26,0.00048828125,2.4694977783143845e-24,0.0703125
1001,0.2,uniform,RotatingGreedy,mean_wait,0.22943299776815607,0.556994483328907,-0.327561485560751,-0.3281037014377948,-0.32701926968370715,5.4691272303391405e-30,0.00048828125,7.6020868501714055e-28,0.0703125
1001,0.2,uniform,RotatingGreedy,max_wait,7.333333333333333,2.0,5.333333333333333,4.919492310054451,5.747174356612215,1.2260228626337071e-11,0.00048828125,6.252716599431907e-10,0.0703125
1001,0.2,uniform,RotatingGreedy,jain,0.9986973276699226,0.9988090313482468,-0.00011170367832450771,-0.00013164176305191378,-9.176559359710163e-05,8.789787032148657e-08,0.00048828125,2.9006297206090565e-06,0.0703125
1001,0.4,hotspot,AgeMIS,throughput,318.5749166666666,303.3301111111111,15.244805555555558,15.17819805677201,15.311413054339107,2.369061788852216e-25,0.00048828125,2.724421057180048e-23,0.0703125
1001,0.4,hotspot,AgeMIS,mean_wait,0.48885666381245496,0.6615238676356426,-0.1726672038231877,-0.17297690668872284,-0.17235750095765257,1.3223039663744502e-29,0.00048828125,1.7983333942692522e-27,0.0703125
1001,0.4,hotspot,AgeMIS,max_wait,5.0,2.0,3.0,3.0,3.0,0.0,0.00048828125,0.0,0.0703125
1001,0.4,hotspot,AgeMIS,jain,0.9651933183841089,0.955591271587454,0.009602046796654587,0.00956097697692816,0.009643116616381014,1.8746298779365852e-25,0.00048828125,2.174570658406439e-23,0.0703125
1001,0.4,hotspot,GuardedFill,throughput,316.1071944444444,303.3301111111111,12.777083333333337,12.748037549257635,12.80612911740904,1.7922460849772554e-28,0.00048828125,2.2761525279211142e-26,0.0703125
1001,0.4,hotspot,GuardedFill,mean_wait,0.5154897246849286,0.6615238676356426,-0.14603414295071412,-0.1463311062818073,-0.14573717961962096,5.259812705145463e-29,0.00048828125,6.890354643740557e-27,0.0703125
1001,0.4,hotspot,GuardedFill,max_wait,2.0,2.0,0.0,0.0,0.0,,1.0,1.0,1.0
1001,0.4,hotspot,GuardedFill,jain,0.96384175716857,0.955591271587454,0.008250485581115916,0.008222974667083225,0.008277996495148607,1.2119461116170438e-26,0.00048828125,1.4543353339404525e-24,0.0703125
1001,0.4,hotspot,RotatingGreedy,throughput,318.6621111111111,303.3301111111111,15.332000000000003,15.27044405004213,15.393555949957875,9.344609635238767e-26,0.00048828125,1.1026639369581745e-23,0.0703125
1001,0.4,hotspot,RotatingGreedy,mean_wait,0.4869119884048237,0.6615238676356426,-0.1746118792308189,-0.1749762454739619,-0.17424751298767588,6.987863219666053e-29,0.00048828125,9.014343553369208e-27,0.0703125
1001,0.4,hotspot,RotatingGreedy,max_wait,15.583333333333334,2.0,13.583333333333334,11.776900844532834,15.389765822133834,4.030831285859808e-09,0.00048828125,1.6929491400611194e-07,0.0703125
1001,0.4,hotspot,RotatingGreedy,jain,0.9628402796018404,0.955591271587454,0.007249008014386086,0.007125225397417411,0.007372790631354762,7.673453822071829e-19,0.00048828125,5.448152213670999e-17,0.0703125
1001,0.4,uniform,AgeMIS,throughput,336.62763888888884,320.1645,16.463138888888892,16.388188250831483,16.5380895269463,3.7242961863975547e-25,0.00048828125,4.208454690629237e-23,0.0703125
1001,0.4,uniform,AgeMIS,mean_wait,0.47391931361260525,0.6267168120991403,-0.152797498486535,-0.15315462022749687,-0.15244037674557315,2.4318205213969675e-28,0.00048828125,3.0397756517462094e-26,0.0703125
1001,0.4,uniform,AgeMIS,max_wait,5.25,2.0,3.25,2.9626432469034785,3.5373567530965215,5.050993753959983e-11,0.00048828125,2.4749869394403916e-09,0.0703125
1001,0.4,uniform,AgeMIS,jain,0.9995828140448969,0.9996311702147356,-4.835616983870731e-05,-5.6555948026931483e-05,-4.0156391650483136e-05,5.171411001851804e-08,0.00048828125,1.7809708252448805e-06,0.0703125
1001,0.4,uniform,GuardedFill,throughput,333.2391666666667,320.1645,13.074666666666673,13.03491925249758,13.114414080835765,4.3840237252609646e-27,0.00048828125,5.348508944818377e-25,0.0703125
1001,0.4,uniform,GuardedFill,mean_wait,0.5042538647159142,0.6267168120991403,-0.12246294738322612,-0.1227797067032999,-0.12214618806315233,7.416457409929387e-28,0.00048828125,9.19640718831244e-26,0.0703125
1001,0.4,uniform,GuardedFill,max_wait,2.0,2.0,0.0,0.0,0.0,,1.0,1.0,1.0
1001,0.4,uniform,GuardedFill,jain,0.9996026954864927,0.9996311702147356,-2.8474728242864716e-05,-3.3599940815562284e-05,-2.3349515670167143e-05,9.5822114412494e-08,0.00048828125,3.066307661199808e-06,0.0703125
1001,0.4,uniform,RotatingGreedy,throughput,337.0505,320.1645,16.886000000000006,16.809521423904258,16.962478576095755,3.5180236986180056e-25,0.00048828125,4.0105470164245267e-23,0.0703125
1001,0.4,uniform,RotatingGreedy,mean_wait,0.47045835993026475,0.6267168120991403,-0.1562584521688756,-0.15670174668904205,-0.15581515764870915,2.049063238489272e-27,0.00048828125,2.5203477833418045e-25,0.0703125
1001,0.4,uniform,RotatingGreedy,max_wait,10.083333333333334,2.0,8.083333333333334,7.511286725549824,8.655379941116843,4.503752488094088e-12,0.00048828125,2.3869888186898666e-10,0.0703125
1001,0.4,uniform,RotatingGreedy,jain,0.999533773754357,0.9996311702147356,-9.739646037865146e-05,-0.00010857285826974746,-8.622006248755547e-05,8.368233444387924e-10,0.00048828125,3.6820227155306864e-08,0.0703125
