arch,N,app,workload,policy,throughput_s,throughput_sd,p95_wait_ms,p99_wait_ms,max_wait_ms,jain,zero_workers,mean_wait_ms
arm64,101,kv,bursty,agemwis,24723.625,358.6134757646457,0.271360875,0.34402275,1.299009375,0.998949625,0.0,0.165581375
arm64,101,kv,bursty,dguard,25171.5,385.6771410686108,0.000423,0.12458712499999999,0.62945075,0.9988941250000001,0.0,0.004194375
arm64,101,kv,bursty,fifo,24661.125,346.36507886497844,0.307705,0.40934712500000003,1.0510519999999999,0.998957125,0.0,0.176663625
arm64,101,kv,bursty,gfgrr,24720.6875,358.57166423583635,0.273705875,0.365963,1.34485975,0.9989475,0.0,0.16580075
arm64,101,kv,bursty,waiter,25184.1875,383.2542924463753,0.13293812500000002,0.1442185,0.715302875,0.9988885,0.0,0.08713825
arm64,101,kv,saturated,agemwis,159223.875,2382.5214846880167,1.198579875,1.596449875,3.598172125,0.993882375,0.0,0.63348525
arm64,101,kv,saturated,dguard,355356.3125,9226.271096855897,1.30743775,1.50623275,9.220427,0.998326625,0.0,0.15523775
arm64,101,kv,saturated,fifo,17932.375,21324.603832779638,15.42451275,16.219621,17.539715375,0.99998325,0.0,12.696193875
arm64,101,kv,saturated,gfgrr,157973.8125,3328.4075228843167,1.0834044999999999,1.5098355,4.783735625,0.992952625,0.0,0.638593375
arm64,101,kv,saturated,waiter,10198.0625,47.670324326865845,0.132899875,107.16370225,1324.216871375,0.25382225,0.0,7.128311125
arm64,101,ledger,bursty,agemwis,24709.375,257.1569490186323,0.268270125,0.337908625,0.840020625,0.999096625,0.0,0.16353425
arm64,101,ledger,bursty,dguard,25173.5,262.7018951478762,0.000381,0.124123375,0.48263212499999997,0.999078625,0.0,0.004119375
arm64,101,ledger,bursty,fifo,24641.5625,260.6126624349412,0.30376162500000004,0.40851525,1.30933775,0.99910125,0.0,0.1749445
arm64,101,ledger,bursty,gfgrr,24703.375,257.1990266033568,0.27143174999999997,0.3624345,1.221111375,0.9991025,0.0,0.164005875
arm64,101,ledger,bursty,waiter,25188.875,264.0865320847914,0.13258475,0.14376975,0.6112021249999999,0.9990755,0.0,0.08678037499999999
arm64,101,ledger,saturated,agemwis,169259.1875,1604.392340186776,1.142301625,1.52014375,3.50442225,0.993559375,0.0,0.59629575
arm64,101,ledger,saturated,dguard,410347.625,9139.67491118491,1.281435375,1.42879175,7.043589875,0.999496875,0.0,0.133091875
arm64,101,ledger,saturated,fifo,20139.375,16882.01209392073,12.72715425,14.516025375,16.439500250000002,0.99998875,0.0,9.373105625
arm64,101,ledger,saturated,gfgrr,167985.4375,3461.285768916971,1.0279031250000001,1.420710625,4.333280125,0.9924824999999999,0.0,0.600967625
arm64,101,ledger,saturated,waiter,10246.0,38.859637524962,0.13268225,101.727619,1417.183369375,0.207765625,0.0,7.06035775
arm64,101,sleep,bursty,agemwis,15805.4375,104.23922948816214,2.756573125,3.9317008749999998,8.091328625,0.99932425,0.0,0.8512075
arm64,101,sleep,bursty,dguard,15979.5,108.71785239127675,2.573390375,3.767840125,8.874199125,0.999303375,0.0,0.704093625
arm64,101,sleep,bursty,fifo,4441.6875,67.57585024040971,22.93705025,25.600343125,28.85956325,0.99973725,0.0,17.171136125
arm64,101,sleep,bursty,gfgrr,15784.1875,107.32425418196163,2.752148625,3.920879125,8.47479875,0.999314,0.0,0.8582753750000001
arm64,101,sleep,bursty,waiter,15619.875,106.098589596119,3.246949375,5.151124125,11.793091,0.99926,0.0,0.922043125
arm64,101,sleep,saturated,agemwis,27952.75,98.58390190231712,1.979835375,55.583517375,421.876494625,0.943601375,0.0,1.998223
arm64,101,sleep,saturated,dguard,23759.75,110.45199345028983,10.616820624999999,16.76233475,45.029476375,0.998339,0.0,2.5099255
arm64,101,sleep,saturated,fifo,848.625,487.51459685106573,152.428628125,155.260101125,157.71584025,0.99894275,0.0,138.03106875
arm64,101,sleep,saturated,gfgrr,25870.5,93.34766046498142,11.126068125,19.477839125,55.183317,0.997794625,0.0,2.28144925
arm64,101,sleep,saturated,waiter,581.0,5.1269595556932455,458.93891,1643.130812375,1976.191271125,0.152148,14.875,75.53128025
arm64,501,kv,bursty,agemwis,118333.25,1583.7672763743672,0.55412675,0.7507885,2.272936125,0.998821875,0.0,0.303946625
arm64,501,kv,bursty,dguard,124721.5,1834.5581795859484,0.000384,0.11794,0.796607,0.99885975,0.0,0.004054625
arm64,501,kv,bursty,fifo,91925.0,345.98348432919477,2.23778375,2.64535925,4.8947952500000005,0.999089,0.0,1.52579625
arm64,501,kv,bursty,gfgrr,117617.1875,1348.0995601613183,0.641896125,0.96623875,2.9761025,0.99878075,0.0,0.32874025
arm64,501,kv,bursty,waiter,124810.625,1838.7487933374698,0.13497375,0.155873875,0.67148225,0.998858875,0.0,0.086224625
arm64,501,kv,saturated,agemwis,174109.6875,2643.943671562017,5.241014125,7.262988375,19.914330375,0.996504625,0.0,2.8767665
arm64,501,kv,saturated,dguard,261439.3125,5073.679553324328,5.133441375,9.153853875,36.873196875,0.90958275,0.0,1.260417
arm64,501,kv,saturated,fifo,9344.625,4918.279989342965,72.84236812500001,75.415142125,76.269777,0.9998294999999999,0.0,66.021534625
arm64,501,kv,saturated,gfgrr,176108.875,2372.863095051451,3.2962461249999997,5.5468105,27.351050625,0.996961,0.0,2.8441787499999998
arm64,501,kv,saturated,waiter,10305.0,145.70297575155104,0.157724125,810.388990875,1889.280902875,0.053219375,144.25,21.4708415
arm64,501,ledger,bursty,agemwis,118919.9375,825.4377383070316,0.49576,0.6618977500000001,1.881002,0.99903725,0.0,0.281096875
arm64,501,ledger,bursty,dguard,124644.5,1005.6411245710719,0.000365125,0.117186,0.8606795,0.9990997500000001,0.0,0.004022125
arm64,501,ledger,bursty,fifo,92518.8125,673.26692528192,2.201427125,2.62188825,3.90439075,0.99913775,0.0,1.489035125
arm64,501,ledger,bursty,gfgrr,118340.25,1544.783410615963,0.566456875,0.8119888749999999,2.596611125,0.99901725,0.0,0.301568125
arm64,501,ledger,bursty,waiter,124735.8125,1009.3175890351431,0.13445575,0.15531725,0.81560625,0.999099,0.0,0.086257375
arm64,501,ledger,saturated,agemwis,173640.625,2224.6400631819683,5.207341875,7.075674,19.335060249999998,0.996972,0.0,2.88485525
arm64,501,ledger,saturated,dguard,275775.4375,7323.284018591957,5.18689575,9.129950875,38.571711875,0.884020375,0.0,1.1971475
arm64,501,ledger,saturated,fifo,14959.5,20437.354006468504,72.1286695,73.989253875,74.956439625,0.999724125,0.0,66.53072025
arm64,501,ledger,saturated,gfgrr,177665.4375,4940.252830701076,3.3055995,5.497100125,25.48439475,0.996794,0.0,2.820964625
arm64,501,ledger,saturated,waiter,10281.875,77.75177995206437,0.133353375,707.874125,2072.76450475,0.061757375,202.5,16.992336125
arm64,501,sleep,bursty,agemwis,77296.6875,477.79253847399957,2.884027625,4.05810925,9.585833375,0.99924975,0.0,0.937083
arm64,501,sleep,bursty,dguard,75350.1875,906.7105750813142,2.919757125,4.767795,66.77653674999999,0.9990026249999999,0.0,0.85658875
arm64,501,sleep,bursty,fifo,9761.0625,305.3031792333645,54.023177375,57.327507875,60.055365375,0.9997905,0.0,45.81746375
arm64,501,sleep,bursty,gfgrr,76999.25,496.23467950442245,2.9169875,4.0855205,10.398295625,0.99924175,0.0,0.9611015
arm64,501,sleep,bursty,waiter,77444.1875,477.61131368957945,3.2404455,5.094946625,13.35827625,0.9992195,0.0,0.923741375
arm64,501,sleep,saturated,agemwis,124348.25,1485.6798347654099,0.733537375,26.043184375,1211.100019875,0.830880125,0.0,2.2395826249999997
arm64,501,sleep,saturated,dguard,78712.75,1268.8182071743545,20.376996,39.052968375,144.37014812500001,0.98874125,0.0,3.7841727499999998
arm64,501,sleep,saturated,fifo,1052.8125,1176.7223527815363,707.6129834999999,710.12521525,712.043766,0.970937125,0.0,606.2811168750001
arm64,501,sleep,saturated,gfgrr,115919.1875,1364.7999575421834,10.5566515,17.046033,53.52035175,0.99810825,0.0,2.69752675
arm64,501,sleep,saturated,waiter,588.0,11.631238725334198,559.110245375,1620.005849125,2038.255505875,0.03398325,389.25,88.463077875
x86_64,101,kv,bursty,agemwis,24515.5625,314.47659889091875,0.319295,0.495165625,1.946273375,0.9989595,0.0,0.19122825
x86_64,101,kv,bursty,dguard,25088.1875,384.05123704861523,0.000324,0.135335875,0.964295125,0.998902375,0.0,0.004678375
x86_64,101,kv,bursty,fifo,24427.75,358.5531440984128,0.3708625,0.61863625,2.340608875,0.99897825,0.0,0.2079055
x86_64,101,kv,bursty,gfgrr,24532.625,340.9578681554992,0.31369625,0.48966862499999997,1.8273169999999999,0.99895575,0.0,0.189054375
x86_64,101,kv,bursty,waiter,25103.8125,387.29961984969,0.13973175,0.172138625,1.002577375,0.9989015,0.0,0.09332262499999999
x86_64,101,kv,saturated,agemwis,77293.625,1061.8353635501646,2.39158525,3.234933875,7.4904062499999995,0.99222075,0.0,1.30516325
x86_64,101,kv,saturated,dguard,95065.5625,2224.823916587878,3.330619375,5.142370875,21.141450374999998,0.99249575,0.0,0.692687
x86_64,101,kv,saturated,fifo,27945.375,8713.421161592369,6.96589,8.484867625,9.9772195,0.999991875,0.0,4.526409
x86_64,101,kv,saturated,gfgrr,76193.625,2408.2497905266027,2.18474475,3.031475875,9.5761585,0.991197375,0.0,1.325054
x86_64,101,kv,saturated,waiter,10147.875,323.77789455118756,99.7430905,149.481934,187.70680049999999,0.714795125,0.0,9.767672875
x86_64,101,ledger,bursty,agemwis,24580.0625,273.24811298525015,0.29658,0.460820875,1.689384,0.999103,0.0,0.179493375
x86_64,101,ledger,bursty,dguard,25114.9375,266.1791069266815,0.000329375,0.1298295,0.706579375,0.999078375,0.0,0.00429025
x86_64,101,ledger,bursty,fifo,24470.1875,225.96300858768862,0.37035212500000003,0.65128975,1.6700585,0.99911175,0.0,0.19842325
x86_64,101,ledger,bursty,gfgrr,24587.0,273.1069910702187,0.296214,0.452522,1.72735675,0.999102625,0.0,0.17834925
x86_64,101,ledger,bursty,waiter,25116.875,285.42233744800996,0.143753375,0.183330125,0.7521815000000001,0.999081875,0.0,0.092236125
x86_64,101,ledger,saturated,agemwis,79498.6875,1772.1541761672834,2.665352125,3.711460875,8.891932375,0.989350875,0.0,1.27062675
x86_64,101,ledger,saturated,dguard,103001.0,2654.1332187471567,3.0763768750000002,5.32424275,29.171003125000002,0.998392375,0.0,0.63071775
x86_64,101,ledger,saturated,fifo,21083.8125,6637.072843061703,8.9687175,10.3986295,12.533102375,0.999984875,0.0,5.594854625
x86_64,101,ledger,saturated,gfgrr,78704.375,3204.4905629221507,2.252238375,3.208803125,9.447429375,0.98806875,0.0,1.284833375
x86_64,101,ledger,saturated,waiter,9115.0625,170.78755338975128,91.16072675,120.17046175,153.827301125,0.794015375,0.0,11.106142125
x86_64,101,sleep,bursty,agemwis,15728.9375,111.03906568024986,2.790208625,3.96172775,8.689362875,0.999302,0.0,0.869481875
x86_64,101,sleep,bursty,dguard,15811.8125,103.75656175463246,2.636415375,3.861552,9.209215499999999,0.99931075,0.0,0.724739
x86_64,101,sleep,bursty,fifo,4448.875,43.25567675379218,22.57850475,25.05950575,28.1708695,0.999728,0.0,17.15982925
x86_64,101,sleep,bursty,gfgrr,15696.25,92.58162421807617,2.80976125,3.982936,9.34097925,0.999325375,0.0,0.88178
x86_64,101,sleep,bursty,waiter,15564.875,138.1129842866752,3.256865875,5.0733555,11.2526055,0.9992538750000001,0.0,0.9311265
x86_64,101,sleep,saturated,agemwis,25938.125,97.02715010316831,4.9670405,60.72996025,347.185919875,0.973193,0.0,2.2105935
x86_64,101,sleep,saturated,dguard,18714.5625,363.4860419308716,15.334010875,26.111014375,73.011071125,0.997153625,0.0,3.214335125
x86_64,101,sleep,saturated,fifo,1189.0625,470.60761920096445,110.074170375,114.66462175000001,117.299416,0.999576625,0.0,95.334859375
x86_64,101,sleep,saturated,gfgrr,23817.4375,125.88158764149276,11.020086625,18.221497875,45.725190125,0.9977995,0.0,2.57167775
x86_64,101,sleep,saturated,waiter,564.1875,15.638636906256062,1165.58752625,1549.378939125,1639.4843001250001,0.319316375,0.0,120.24759975
x86_64,501,kv,bursty,agemwis,64211.125,1013.4415111039073,7.0073615,8.78213075,22.502909,0.991630625,0.0,3.805991875
x86_64,501,kv,bursty,dguard,117322.9375,2387.460656930885,0.179259375,0.430405875,25.27354325,0.998881875,0.0,0.029548375
x86_64,501,kv,bursty,fifo,48932.5,2102.4053061739955,7.9627532500000004,8.913330499999999,10.984987,0.999574625,0.0,6.281837625
x86_64,501,kv,bursty,gfgrr,63642.375,1052.2373017935229,7.323402625,9.181480875,21.41849675,0.9897025,0.0,3.882596125
x86_64,501,kv,bursty,waiter,118560.1875,1798.3547627424823,0.3415875,0.574100625,5.6755315,0.9989131250000001,0.0,0.18847025
x86_64,501,kv,saturated,agemwis,132802.6875,1565.3072253782752,6.64699175,9.34526675,25.707846,0.997377125,0.0,3.768518625
x86_64,501,kv,saturated,dguard,129002.0625,3630.829120556153,10.844861125,18.98502025,76.45499674999999,0.945984625,0.0,2.64276125
x86_64,501,kv,saturated,fifo,12608.625,4864.757692908691,56.770236125000004,58.800322375,59.921318125,0.99989525,0.0,46.26575
x86_64,501,kv,saturated,gfgrr,133129.1875,2483.7898884208025,4.46731825,7.24936825,28.70483025,0.9972835,0.0,3.76054275
x86_64,501,kv,saturated,waiter,9559.125,89.59581862054586,0.1440995,1244.661421875,2014.166130125,0.144599625,32.125,26.84363175
x86_64,501,ledger,bursty,agemwis,77233.5625,2567.6936209855726,4.8540905,6.143493,13.935326125,0.99399175,0.0,2.551542
x86_64,501,ledger,bursty,dguard,123149.5625,1181.0103252693668,0.048230875,0.15420375,22.48103675,0.999084875,0.0,0.008954875
x86_64,501,ledger,bursty,fifo,61488.6875,2029.9315952144793,5.392455875,6.5027441249999995,8.18968725,0.999332875,0.0,4.222638875
x86_64,501,ledger,bursty,gfgrr,76215.9375,2121.309289726177,5.155247125,6.7035754999999995,16.843432749999998,0.99359325,0.0,2.632828875
x86_64,501,ledger,bursty,waiter,123538.4375,1010.4325960943661,0.167494625,0.23132275,2.327234875,0.99909775,0.0,0.104712
x86_64,501,ledger,saturated,agemwis,164640.625,1369.5362549313654,5.638353125,7.673215625,18.365453875,0.99734925,0.0,3.0420835
x86_64,501,ledger,saturated,dguard,166602.6875,4422.826455184347,8.194410874999999,13.932189875,56.59434625,0.962890625,0.0,2.059281375
x86_64,501,ledger,saturated,fifo,12566.3125,7269.060191452832,61.172571625,63.073553624999995,64.445696375,0.99988825,0.0,52.98699075
x86_64,501,ledger,saturated,gfgrr,166039.1875,2928.4511866648163,3.65355525,5.951243375,26.54970025,0.996901875,0.0,3.016872375
x86_64,501,ledger,saturated,waiter,9879.6875,84.93061769131626,0.17724525000000002,1271.426168625,1861.574299375,0.141721125,23.5,29.109375125
x86_64,501,sleep,bursty,agemwis,54228.5,1276.8303948226082,7.237820625,9.333645375,19.265822,0.99313875,0.0,3.547221125
x86_64,501,sleep,bursty,dguard,43711.75,2802.804908862345,12.197298625,23.043976375,198.432510125,0.990677875,0.0,3.2316085
x86_64,501,sleep,bursty,fifo,9169.375,459.5379472905369,59.725494874999995,63.96834225,68.11951962500001,0.999774875,0.0,49.1864295
x86_64,501,sleep,bursty,gfgrr,52739.3125,2902.0135489678287,8.066648625000001,10.762674,21.910378625,0.9930805,0.0,3.83497925
x86_64,501,sleep,bursty,waiter,71845.875,515.8877750330707,3.949439875,6.151184125,16.124158375,0.9992005,0.0,1.20030975
x86_64,501,sleep,saturated,agemwis,60940.6875,687.4907239633958,4.47494325,204.791476125,357.603311125,0.953526375,0.0,6.473597
x86_64,501,sleep,saturated,dguard,42382.0625,1246.0007004555475,40.2687965,78.53696975,270.617278,0.961818125,0.0,7.136679125
x86_64,501,sleep,saturated,fifo,1145.3125,637.5488741769416,546.420731125,549.1976525,551.54408375,0.98160425,0.0,478.722107125
x86_64,501,sleep,saturated,gfgrr,60538.6875,1665.9470909429954,13.390964875,17.735212875,42.39212125,0.979182625,0.0,6.628229375
x86_64,501,sleep,saturated,waiter,593.5625,7.423117847065925,1712.961228875,2016.2521476250001,2089.67833425,0.103332375,218.25,264.69420675
